glass_name,matched_sciglass_id,distance,predicted_composition,composition_std,glass_family,oxide_sum_pct,physically_plausible,high_uncertainty,n_neighbors_for_mean
LASF35,4377000532126,0.1343820440254783,SIO2=2.68; B2O3=2.65; ZRO2=1.57; TIO2=6.52,"{""SIO2"": 5.495, ""AL2O3"": 0.0, ""B2O3"": 5.439, ""CAO"": 0.0, ""K2O"": 0.0, ""NA2O"": 0.0, ""PBO"": 0.0, ""Li2O"": 0.0, ""MgO"": 0.0, ""SRO"": 0.0, ""BAO"": 0.0, ""ZNO"": 1.014, ""P2O5"": 0.0, ""GEO2"": 0.0, ""ZRO2"": 3.222, ""TIO2"": 13.381, ""TEO2"": 0.0, ""RO"": 1.014, ""FemOn"": 0.0}",uncertain,14.406312751770018,False,True,20
P-SF68,3304900407413,0.042267700466844985,SIO2=18.22; AL2O3=2.63; B2O3=15.26; CAO=1.42; PBO=13.42; Li2O=2.00; BAO=1.55; ZNO=3.94; GEO2=12.26; TIO2=0.55; RO=24.62,"{""SIO2"": 11.794, ""AL2O3"": 4.273, ""B2O3"": 11.784, ""CAO"": 4.116, ""K2O"": 0.469, ""NA2O"": 1.114, ""PBO"": 21.076, ""Li2O"": 2.354, ""MgO"": 0.615, ""SRO"": 0.45, ""BAO"": 2.231, ""ZNO"": 4.958, ""P2O5"": 0.0, ""GEO2"": 15.407, ""ZRO2"": 0.0, ""TIO2"": 2.018, ""TEO2"": 0.0, ""RO"": 23.318, ""FemOn"": 0.0}",lanthanum,96.55078976452351,False,True,20
N-LASF55,3920300463300,0.22789130554449633,SIO2=15.64; B2O3=20.81; BAO=1.48; ZNO=4.62; ZRO2=7.20; TIO2=21.50; RO=6.10,"{""SIO2"": 0.16, ""AL2O3"": 0.0, ""B2O3"": 1.111, ""CAO"": 0.0, ""K2O"": 0.0, ""NA2O"": 0.0, ""PBO"": 0.0, ""Li2O"": 0.0, ""MgO"": 0.0, ""SRO"": 0.0, ""BAO"": 2.144, ""ZNO"": 1.257, ""P2O5"": 0.0, ""GEO2"": 0.0, ""ZRO2"": 0.13, ""TIO2"": 1.98, ""TEO2"": 0.0, ""RO"": 2.765, ""FemOn"": 0.0}",heavy flint,77.35027743577957,False,True,20
N-SF66,3554700427378,0.03739643939872394,SIO2=16.55; B2O3=1.83; CAO=9.56; K2O=2.73; Li2O=2.16; BAO=17.82; P2O5=10.51; ZRO2=3.50; TIO2=17.53; RO=27.86,"{""SIO2"": 14.059, ""AL2O3"": 0.45, ""B2O3"": 1.823, ""CAO"": 8.565, ""K2O"": 3.579, ""NA2O"": 0.371, ""PBO"": 0.0, ""Li2O"": 1.839, ""MgO"": 0.0, ""SRO"": 0.0, ""BAO"": 5.239, ""ZNO"": 0.719, ""P2O5"": 13.335, ""GEO2"": 0.0, ""ZRO2"": 2.704, ""TIO2"": 7.448, ""TEO2"": 0.0, ""RO"": 3.515, ""FemOn"": 0.0}",heavy flint,110.83924485445021,False,True,20
N-LASF46B,3770100445790,0.03175341698575789,SIO2=10.27; B2O3=30.75; Li2O=1.96; ZNO=13.79; GEO2=0.90; ZRO2=5.83; TIO2=14.94; RO=14.34,"{""SIO2"": 1.935, ""AL2O3"": 0.0, ""B2O3"": 2.128, ""CAO"": 1.024, ""K2O"": 0.0, ""NA2O"": 0.0, ""PBO"": 0.0, ""Li2O"": 1.344, ""MgO"": 0.0, ""SRO"": 0.0, ""BAO"": 0.772, ""ZNO"": 4.646, ""P2O5"": 0.0, ""GEO2"": 0.682, ""ZRO2"": 1.553, ""TIO2"": 2.174, ""TEO2"": 0.0, ""RO"": 5.494, ""FemOn"": 0.0}",heavy flint,93.34052962958813,False,True,20
N-LASF31A,3140700403781,0.028222530397255283,SIO2=17.65; B2O3=30.27; ZNO=3.58; ZRO2=7.93; TIO2=2.81; RO=3.58,"{""SIO2"": 1.257, ""AL2O3"": 0.0, ""B2O3"": 2.002, ""CAO"": 0.0, ""K2O"": 0.0, ""NA2O"": 0.0, ""PBO"": 0.0, ""Li2O"": 0.0, ""MgO"": 0.0, ""SRO"": 0.0, ""BAO"": 0.0, ""ZNO"": 1.241, ""P2O5"": 0.0, ""GEO2"": 0.0, ""ZRO2"": 0.396, ""TIO2"": 1.066, ""TEO2"": 0.0, ""RO"": 1.241, ""FemOn"": 0.0}",uncertain,65.81929931044579,False,True,20
N-LASF9,1344100130025,0.2613883974782688,SIO2=15.95; B2O3=23.12; CAO=3.22; MgO=1.67; SRO=1.98; BAO=8.61; ZNO=2.83; ZRO2=6.86; TIO2=18.45; RO=18.31,"{""SIO2"": 7.954, ""AL2O3"": 0.0, ""B2O3"": 6.371, ""CAO"": 3.481, ""K2O"": 0.0, ""NA2O"": 0.0, ""PBO"": 0.0, ""Li2O"": 0.313, ""MgO"": 4.417, ""SRO"": 2.577, ""BAO"": 5.585, ""ZNO"": 1.783, ""P2O5"": 0.0, ""GEO2"": 0.0, ""ZRO2"": 1.543, ""TIO2"": 2.489, ""TEO2"": 0.0, ""RO"": 1.495, ""FemOn"": 0.0}",heavy flint,101.12903646060397,True,True,7
N-SF57,4441400607860,0.3128708581252471,SIO2=29.99; B2O3=1.27; CAO=2.87; K2O=2.47; NA2O=3.83; Li2O=6.18; BAO=6.04; P2O5=10.87; ZRO2=2.20; TIO2=20.45; RO=9.13,"{""SIO2"": 24.183, ""AL2O3"": 0.0, ""B2O3"": 4.451, ""CAO"": 6.17, ""K2O"": 1.931, ""NA2O"": 3.185, ""PBO"": 0.0, ""Li2O"": 5.454, ""MgO"": 0.0, ""SRO"": 0.0, ""BAO"": 6.987, ""ZNO"": 0.69, ""P2O5"": 15.287, ""GEO2"": 0.03, ""ZRO2"": 1.651, ""TIO2"": 22.212, ""TEO2"": 0.0, ""RO"": 9.897, ""FemOn"": 0.0}",heavy flint,95.52357470840215,False,True,20
N-SF57HT,4441400607860,0.3128708581252471,SIO2=29.99; B2O3=1.27; CAO=2.87; K2O=2.47; NA2O=3.83; Li2O=6.18; BAO=6.04; P2O5=10.87; ZRO2=2.20; TIO2=20.45; RO=9.13,"{""SIO2"": 24.183, ""AL2O3"": 0.0, ""B2O3"": 4.451, ""CAO"": 6.17, ""K2O"": 1.931, ""NA2O"": 3.185, ""PBO"": 0.0, ""Li2O"": 5.454, ""MgO"": 0.0, ""SRO"": 0.0, ""BAO"": 6.987, ""ZNO"": 0.69, ""P2O5"": 15.287, ""GEO2"": 0.03, ""ZRO2"": 1.651, ""TIO2"": 22.212, ""TEO2"": 0.0, ""RO"": 9.897, ""FemOn"": 0.0}",heavy flint,95.52357470840215,False,True,20
N-SF57HTultra,4441400607860,0.3128708581252471,SIO2=29.99; B2O3=1.27; CAO=2.87; K2O=2.47; NA2O=3.83; Li2O=6.18; BAO=6.04; P2O5=10.87; ZRO2=2.20; TIO2=20.45; RO=9.13,"{""SIO2"": 24.183, ""AL2O3"": 0.0, ""B2O3"": 4.451, ""CAO"": 6.17, ""K2O"": 1.931, ""NA2O"": 3.185, ""PBO"": 0.0, ""Li2O"": 5.454, ""MgO"": 0.0, ""SRO"": 0.0, ""BAO"": 6.987, ""ZNO"": 0.69, ""P2O5"": 15.287, ""GEO2"": 0.03, ""ZRO2"": 1.651, ""TIO2"": 22.212, ""TEO2"": 0.0, ""RO"": 9.897, ""FemOn"": 0.0}",heavy flint,95.52357470840215,False,True,20
SF57,2823100362585,0.08540406079473463,SIO2=48.00; B2O3=0.96; K2O=0.79; NA2O=0.88; PBO=38.55; ZNO=0.51; GEO2=1.26; ZRO2=1.01; TIO2=1.32; TEO2=4.00; RO=39.27,"{""SIO2"": 13.414, ""AL2O3"": 0.0, ""B2O3"": 3.002, ""CAO"": 0.0, ""K2O"": 0.422, ""NA2O"": 0.464, ""PBO"": 13.538, ""Li2O"": 0.915, ""MgO"": 0.0, ""SRO"": 0.0, ""BAO"": 0.94, ""ZNO"": 1.923, ""P2O5"": 0.0, ""GEO2"": 5.618, ""ZRO2"": 1.689, ""TIO2"": 2.327, ""TEO2"": 17.889, ""RO"": 11.857, ""FemOn"": 0.0}",flint,136.9634909301996,False,True,20
SF57HTultra,2823100362585,0.08540406079473463,SIO2=48.00; B2O3=0.96; K2O=0.79; NA2O=0.88; PBO=38.55; ZNO=0.51; GEO2=1.26; ZRO2=1.01; TIO2=1.32; TEO2=4.00; RO=39.27,"{""SIO2"": 13.414, ""AL2O3"": 0.0, ""B2O3"": 3.002, ""CAO"": 0.0, ""K2O"": 0.422, ""NA2O"": 0.464, ""PBO"": 13.538, ""Li2O"": 0.915, ""MgO"": 0.0, ""SRO"": 0.0, ""BAO"": 0.94, ""ZNO"": 1.923, ""P2O5"": 0.0, ""GEO2"": 5.618, ""ZRO2"": 1.689, ""TIO2"": 2.327, ""TEO2"": 17.889, ""RO"": 11.857, ""FemOn"": 0.0}",flint,136.9634909301996,False,True,20
N-LASF41,4234000489385,0.222452920033132,SIO2=14.06; AL2O3=2.50; B2O3=30.84; Li2O=1.70; BAO=2.94; ZNO=14.33; ZRO2=4.15; RO=17.36,"{""SIO2"": 5.444, ""AL2O3"": 11.18, ""B2O3"": 9.553, ""CAO"": 0.383, ""K2O"": 0.0, ""NA2O"": 0.0, ""PBO"": 0.0, ""Li2O"": 1.053, ""MgO"": 0.0, ""SRO"": 0.0, ""BAO"": 8.335, ""ZNO"": 8.453, ""P2O5"": 0.0, ""GEO2"": 0.0, ""ZRO2"": 1.705, ""TIO2"": 0.768, ""TEO2"": 0.079, ""RO"": 7.584, ""FemOn"": 0.0}",uncertain,88.1505423784256,False,True,20
N-LASF40,3481600409420,0.09556420382503296,SIO2=2.61; B2O3=39.76; CAO=4.35; Li2O=0.71; ZNO=20.80; GEO2=2.01; ZRO2=4.82; TIO2=1.11; RO=25.16,"{""SIO2"": 1.461, ""AL2O3"": 0.0, ""B2O3"": 1.994, ""CAO"": 2.429, ""K2O"": 0.155, ""NA2O"": 0.0, ""PBO"": 0.0, ""Li2O"": 0.254, ""MgO"": 0.0, ""SRO"": 0.0, ""BAO"": 0.0, ""ZNO"": 2.604, ""P2O5"": 0.0, ""GEO2"": 1.828, ""ZRO2"": 1.636, ""TIO2"": 0.43, ""TEO2"": 0.0, ""RO"": 0.189, ""FemOn"": 0.0}",uncertain,101.51906529068945,True,True,3
SF6G05,2619800198758,0.04756610459436976,SIO2=44.13; B2O3=0.58; K2O=1.42; NA2O=2.73; PBO=32.19; Li2O=2.75; BAO=2.93; P2O5=3.20; ZRO2=0.57; TIO2=0.78; RO=35.20,"{""SIO2"": 22.774, ""AL2O3"": 0.0, ""B2O3"": 1.285, ""CAO"": 0.0, ""K2O"": 0.722, ""NA2O"": 3.122, ""PBO"": 16.836, ""Li2O"": 5.654, ""MgO"": 0.0, ""SRO"": 0.0, ""BAO"": 6.023, ""ZNO"": 0.363, ""P2O5"": 6.578, ""GEO2"": 0.0, ""ZRO2"": 1.3, ""TIO2"": 1.378, ""TEO2"": 0.0, ""RO"": 11.065, ""FemOn"": 0.0}",flint,126.57770256102086,False,True,20
N-LASF43,3481600409423,0.3031051998714913,SIO2=1.45; B2O3=42.06; CAO=6.67; ZNO=18.37; GEO2=3.57; ZRO2=3.03; TIO2=0.78; RO=25.04,"{""SIO2"": 0.0, ""AL2O3"": 0.0, ""B2O3"": 0.0, ""CAO"": 0.0, ""K2O"": 0.0, ""NA2O"": 0.0, ""PBO"": 0.0, ""Li2O"": 0.0, ""MgO"": 0.0, ""SRO"": 0.0, ""BAO"": 0.0, ""ZNO"": 0.0, ""P2O5"": 0.0, ""GEO2"": 0.0, ""ZRO2"": 0.0, ""TIO2"": 0.0, ""TEO2"": 0.0, ""RO"": 0.0, ""FemOn"": 0.0}",uncertain,101.66246110200882,True,True,1
P-LASF47,3194900405325,0.029564951495397805,SIO2=7.91; B2O3=33.99; Li2O=6.54; ZNO=29.64; ZRO2=3.35; RO=29.64,"{""SIO2"": 2.25, ""AL2O3"": 0.484, ""B2O3"": 2.193, ""CAO"": 0.0, ""K2O"": 0.0, ""NA2O"": 0.0, ""PBO"": 0.0, ""Li2O"": 1.417, ""MgO"": 0.0, ""SRO"": 0.0, ""BAO"": 0.0, ""ZNO"": 2.61, ""P2O5"": 0.0, ""GEO2"": 0.0, ""ZRO2"": 1.554, ""TIO2"": 0.596, ""TEO2"": 0.0, ""RO"": 2.61, ""FemOn"": 0.0}",uncertain,111.49868656396865,False,True,20
N-SF6,3784300447203,0.14785100879849927,SIO2=47.24; CAO=4.34; K2O=4.30; NA2O=11.78; BAO=2.64; TIO2=23.35; RO=6.98,"{""SIO2"": 0.0, ""AL2O3"": 0.0, ""B2O3"": 0.0, ""CAO"": 0.0, ""K2O"": 0.0, ""NA2O"": 0.0, ""PBO"": 0.0, ""Li2O"": 0.0, ""MgO"": 0.0, ""SRO"": 0.0, ""BAO"": 0.0, ""ZNO"": 0.0, ""P2O5"": 0.0, ""GEO2"": 0.0, ""ZRO2"": 0.0, ""TIO2"": 0.0, ""TEO2"": 0.0, ""RO"": 0.0, ""FemOn"": 0.0}",heavy flint,100.62986707687378,True,True,1
N-SF6HT,3784300447203,0.14785100879849927,SIO2=47.24; CAO=4.34; K2O=4.30; NA2O=11.78; BAO=2.64; TIO2=23.35; RO=6.98,"{""SIO2"": 0.0, ""AL2O3"": 0.0, ""B2O3"": 0.0, ""CAO"": 0.0, ""K2O"": 0.0, ""NA2O"": 0.0, ""PBO"": 0.0, ""Li2O"": 0.0, ""MgO"": 0.0, ""SRO"": 0.0, ""BAO"": 0.0, ""ZNO"": 0.0, ""P2O5"": 0.0, ""GEO2"": 0.0, ""ZRO2"": 0.0, ""TIO2"": 0.0, ""TEO2"": 0.0, ""RO"": 0.0, ""FemOn"": 0.0}",heavy flint,100.62986707687378,True,True,1
N-SF6HTultra,3784300447203,0.14785100879849927,SIO2=47.24; CAO=4.34; K2O=4.30; NA2O=11.78; BAO=2.64; TIO2=23.35; RO=6.98,"{""SIO2"": 0.0, ""AL2O3"": 0.0, ""B2O3"": 0.0, ""CAO"": 0.0, ""K2O"": 0.0, ""NA2O"": 0.0, ""PBO"": 0.0, ""Li2O"": 0.0, ""MgO"": 0.0, ""SRO"": 0.0, ""BAO"": 0.0, ""ZNO"": 0.0, ""P2O5"": 0.0, ""GEO2"": 0.0, ""ZRO2"": 0.0, ""TIO2"": 0.0, ""TEO2"": 0.0, ""RO"": 0.0, ""FemOn"": 0.0}",heavy flint,100.62986707687378,True,True,1
SF6,2619800198758,0.0020970522600944823,SIO2=46.89; B2O3=0.51; K2O=1.37; NA2O=2.36; PBO=33.90; Li2O=2.46; BAO=2.21; P2O5=2.41; ZRO2=0.57; TIO2=0.78; RO=36.19,"{""SIO2"": 20.362, ""AL2O3"": 0.0, ""B2O3"": 1.28, ""CAO"": 0.0, ""K2O"": 0.692, ""NA2O"": 2.799, ""PBO"": 15.035, ""Li2O"": 5.192, ""MgO"": 0.0, ""SRO"": 0.0, ""BAO"": 5.398, ""ZNO"": 0.363, ""P2O5"": 5.9, ""GEO2"": 0.0, ""ZRO2"": 1.3, ""TIO2"": 1.378, ""TEO2"": 0.0, ""RO"": 9.943, ""FemOn"": 0.0}",flint,129.7546861320734,False,True,20
SF6HT,2619800198758,0.0020970522600944823,SIO2=46.89; B2O3=0.51; K2O=1.37; NA2O=2.36; PBO=33.90; Li2O=2.46; BAO=2.21; P2O5=2.41; ZRO2=0.57; TIO2=0.78; RO=36.19,"{""SIO2"": 20.362, ""AL2O3"": 0.0, ""B2O3"": 1.28, ""CAO"": 0.0, ""K2O"": 0.692, ""NA2O"": 2.799, ""PBO"": 15.035, ""Li2O"": 5.192, ""MgO"": 0.0, ""SRO"": 0.0, ""BAO"": 5.398, ""ZNO"": 0.363, ""P2O5"": 5.9, ""GEO2"": 0.0, ""ZRO2"": 1.3, ""TIO2"": 1.378, ""TEO2"": 0.0, ""RO"": 9.943, ""FemOn"": 0.0}",flint,129.7546861320734,False,True,20
N-LASF44,2852200365622,0.11821146735054337,SIO2=8.01; B2O3=52.01; BAO=0.55; ZNO=3.01; ZRO2=8.15; TIO2=0.70; RO=3.76,"{""SIO2"": 4.883, ""AL2O3"": 0.0, ""B2O3"": 5.479, ""CAO"": 0.243, ""K2O"": 0.131, ""NA2O"": 0.101, ""PBO"": 0.0, ""Li2O"": 0.228, ""MgO"": 0.388, ""SRO"": 0.09, ""BAO"": 1.157, ""ZNO"": 3.088, ""P2O5"": 0.0, ""GEO2"": 0.0, ""ZRO2"": 1.869, ""TIO2"": 1.214, ""TEO2"": 0.0, ""RO"": 3.503, ""FemOn"": 0.0}",lanthanum,76.52267799377442,False,True,20
N-LASF45,2852200365615,0.04463639885586284,SIO2=42.83; B2O3=1.94; CAO=12.37; K2O=1.34; NA2O=2.48; Li2O=2.93; MgO=3.94; SRO=1.80; BAO=4.76; ZNO=5.26; ZRO2=2.37; TIO2=11.05; RO=28.13,"{""SIO2"": 6.292, ""AL2O3"": 0.735, ""B2O3"": 2.63, ""CAO"": 12.526, ""K2O"": 1.243, ""NA2O"": 1.59, ""PBO"": 0.0, ""Li2O"": 1.404, ""MgO"": 3.931, ""SRO"": 2.55, ""BAO"": 4.146, ""ZNO"": 3.663, ""P2O5"": 0.0, ""GEO2"": 0.0, ""ZRO2"": 0.883, ""TIO2"": 6.291, ""TEO2"": 0.0, ""RO"": 9.804, ""FemOn"": 0.0}",uncertain,121.48946822136641,False,True,20
N-LAF21,2980700400283,0.08525225834813152,SIO2=7.66; B2O3=52.29; BAO=2.06; ZNO=4.56; ZRO2=7.24; TIO2=1.32; RO=6.98,"{""SIO2"": 7.5, ""AL2O3"": 1.292, ""B2O3"": 9.064, ""CAO"": 0.322, ""K2O"": 0.397, ""NA2O"": 0.204, ""PBO"": 0.24, ""Li2O"": 0.228, ""MgO"": 0.739, ""SRO"": 0.0, ""BAO"": 6.379, ""ZNO"": 3.56, ""P2O5"": 0.0, ""GEO2"": 0.0, ""ZRO2"": 2.535, ""TIO2"": 2.038, ""TEO2"": 0.0, ""RO"": 6.873, ""FemOn"": 0.0}",uncertain,83.09907382838428,False,True,20
N-LAF33,2398000191627,0.27479803920500645,SIO2=0.75; B2O3=55.52; Li2O=0.67; ZNO=16.68; ZRO2=9.05; RO=16.68,"{""SIO2"": 0.34, ""AL2O3"": 0.4, ""B2O3"": 4.932, ""CAO"": 0.0, ""K2O"": 0.0, ""NA2O"": 0.0, ""PBO"": 0.0, ""Li2O"": 0.472, ""MgO"": 0.0, ""SRO"": 0.0, ""BAO"": 0.0, ""ZNO"": 2.666, ""P2O5"": 0.0, ""GEO2"": 0.0, ""ZRO2"": 1.63, ""TIO2"": 0.0, ""TEO2"": 0.0, ""RO"": 2.666, ""FemOn"": 0.0}",lanthanum,99.53399998247623,True,False,10
N-SF11,2754500361621,0.11228342826487596,SIO2=48.36; CAO=2.83; K2O=3.34; NA2O=11.28; BAO=2.05; TIO2=27.49; RO=4.88,"{""SIO2"": 1.587, ""AL2O3"": 0.0, ""B2O3"": 0.0, ""CAO"": 2.13, ""K2O"": 1.37, ""NA2O"": 0.695, ""PBO"": 0.0, ""Li2O"": 0.0, ""MgO"": 0.0, ""SRO"": 0.0, ""BAO"": 0.842, ""ZNO"": 0.0, ""P2O5"": 0.0, ""GEO2"": 0.0, ""ZRO2"": 0.0, ""TIO2"": 5.86, ""TEO2"": 0.0, ""RO"": 2.972, ""FemOn"": 0.0}",heavy flint,100.23248720169067,True,True,2
SF11,2846100365001,0.35205140529681483,SIO2=20.20; B2O3=2.68; K2O=2.06; NA2O=6.02; PBO=9.75; Li2O=8.94; BAO=12.98; P2O5=11.29; TIO2=0.80; RO=22.73,"{""SIO2"": 28.248, ""AL2O3"": 0.0, ""B2O3"": 2.441, ""CAO"": 0.0, ""K2O"": 0.699, ""NA2O"": 3.753, ""PBO"": 13.942, ""Li2O"": 6.768, ""MgO"": 0.0, ""SRO"": 0.0, ""BAO"": 5.371, ""ZNO"": 0.0, ""P2O5"": 8.566, ""GEO2"": 0.0, ""ZRO2"": 0.217, ""TIO2"": 1.278, ""TEO2"": 0.0, ""RO"": 9.371, ""FemOn"": 0.0}",uncertain,97.50129930078982,False,True,20
SF56A,2823100362595,0.036975727298569745,SIO2=35.06; B2O3=1.26; K2O=2.13; NA2O=4.58; PBO=20.82; Li2O=6.19; BAO=5.99; P2O5=6.54; TIO2=1.02; RO=26.81,"{""SIO2"": 29.411, ""AL2O3"": 0.0, ""B2O3"": 1.755, ""CAO"": 0.0, ""K2O"": 0.53, ""NA2O"": 3.714, ""PBO"": 17.57, ""Li2O"": 6.833, ""MgO"": 0.0, ""SRO"": 0.0, ""BAO"": 7.534, ""ZNO"": 0.0, ""P2O5"": 8.227, ""GEO2"": 0.0, ""ZRO2"": 0.843, ""TIO2"": 1.516, ""TEO2"": 0.0, ""RO"": 10.146, ""FemOn"": 0.0}",flint,110.78628493249417,False,True,20
N-LAF34,2852200365620,0.002738294555573564,SIO2=7.30; B2O3=54.72; ZNO=2.68; GEO2=0.76; ZRO2=7.26; TIO2=0.58; RO=3.90,"{""SIO2"": 4.526, ""AL2O3"": 0.0, ""B2O3"": 6.158, ""CAO"": 0.708, ""K2O"": 0.131, ""NA2O"": 0.167, ""PBO"": 0.0, ""Li2O"": 0.228, ""MgO"": 0.662, ""SRO"": 0.586, ""BAO"": 0.743, ""ZNO"": 2.72, ""P2O5"": 0.0, ""GEO2"": 2.529, ""ZRO2"": 2.575, ""TIO2"": 1.192, ""TEO2"": 0.0, ""RO"": 2.815, ""FemOn"": 0.0}",lanthanum,78.58058967925608,False,True,20
N-SF14,2754500361622,0.14648985921150173,SIO2=45.39; AL2O3=0.92; CAO=2.84; K2O=5.33; NA2O=13.73; BAO=2.30; TIO2=25.25; RO=5.13,"{""SIO2"": 2.605, ""AL2O3"": 1.296, ""B2O3"": 0.0, ""CAO"": 2.125, ""K2O"": 1.446, ""NA2O"": 2.762, ""PBO"": 0.0, ""Li2O"": 0.0, ""MgO"": 0.0, ""SRO"": 0.0, ""BAO"": 0.491, ""ZNO"": 0.0, ""P2O5"": 0.0, ""GEO2"": 0.0, ""ZRO2"": 0.0, ""TIO2"": 2.683, ""TEO2"": 0.0, ""RO"": 2.615, ""FemOn"": 0.0}",heavy flint,100.8789010643959,True,True,2
P-LAF37,3693100439310,0.3239294228996085,SIO2=21.01; B2O3=22.35; Li2O=11.83; ZNO=22.10; ZRO2=2.30; RO=22.10,"{""SIO2"": 0.0, ""AL2O3"": 0.0, ""B2O3"": 0.0, ""CAO"": 0.0, ""K2O"": 0.0, ""NA2O"": 0.0, ""PBO"": 0.0, ""Li2O"": 0.0, ""MgO"": 0.0, ""SRO"": 0.0, ""BAO"": 0.0, ""ZNO"": 0.0, ""P2O5"": 0.0, ""GEO2"": 0.0, ""ZRO2"": 0.0, ""TIO2"": 0.0, ""TEO2"": 0.0, ""RO"": 0.0, ""FemOn"": 0.0}",uncertain,101.68181347846985,True,True,1
SF4,2619800198756,0.0016498914763219041,SIO2=48.03; B2O3=0.79; K2O=2.24; NA2O=3.33; PBO=26.45; Li2O=3.67; BAO=2.99; P2O5=3.26; ZRO2=0.51; TIO2=0.63; RO=29.44,"{""SIO2"": 24.739, ""AL2O3"": 0.0, ""B2O3"": 1.622, ""CAO"": 0.0, ""K2O"": 0.636, ""NA2O"": 2.96, ""PBO"": 13.888, ""Li2O"": 5.668, ""MgO"": 0.0, ""SRO"": 0.0, ""BAO"": 6.149, ""ZNO"": 0.0, ""P2O5"": 6.704, ""GEO2"": 0.0, ""ZRO2"": 0.947, ""TIO2"": 0.887, ""TEO2"": 0.0, ""RO"": 7.996, ""FemOn"": 0.0}",flint,121.347974935174,False,True,20
N-SF4,2754500361622,0.14977242324870213,SIO2=48.19; AL2O3=0.61; B2O3=2.15; CAO=3.49; K2O=4.35; NA2O=10.12; Li2O=2.00; BAO=2.12; ZNO=0.74; ZRO2=1.94; TIO2=17.21; RO=7.00,"{""SIO2"": 5.176, ""AL2O3"": 1.058, ""B2O3"": 3.721, ""CAO"": 1.883, ""K2O"": 1.984, ""NA2O"": 6.552, ""PBO"": 0.0, ""Li2O"": 3.468, ""MgO"": 0.643, ""SRO"": 0.5, ""BAO"": 0.467, ""ZNO"": 1.273, ""P2O5"": 0.0, ""GEO2"": 0.0, ""ZRO2"": 3.364, ""TIO2"": 14.056, ""TEO2"": 0.0, ""RO"": 3.729, ""FemOn"": 0.0}",heavy flint,100.56432418028513,True,True,3
N-LAK33B,2852200365623,0.17455101369077805,SIO2=5.44; AL2O3=3.25; B2O3=54.90; CAO=2.91; MgO=2.03; BAO=1.07; ZNO=10.73; ZRO2=3.38; RO=16.74,"{""SIO2"": 7.691, ""AL2O3"": 4.594, ""B2O3"": 0.193, ""CAO"": 4.12, ""K2O"": 0.0, ""NA2O"": 0.0, ""PBO"": 0.0, ""Li2O"": 0.0, ""MgO"": 2.866, ""SRO"": 0.0, ""BAO"": 1.507, ""ZNO"": 9.501, ""P2O5"": 0.0, ""GEO2"": 0.368, ""ZRO2"": 2.277, ""TIO2"": 0.0, ""TEO2"": 0.0, ""RO"": 1.007, ""FemOn"": 0.0}",uncertain,100.69877046346664,True,True,2
N-LAF7,2415700192302,0.11597339404249088,SIO2=52.96; B2O3=5.38; CAO=3.34; K2O=1.99; NA2O=7.55; Li2O=3.13; BAO=2.44; ZNO=4.60; ZRO2=7.60; RO=10.38,"{""SIO2"": 0.0, ""AL2O3"": 0.0, ""B2O3"": 0.0, ""CAO"": 0.0, ""K2O"": 0.0, ""NA2O"": 0.0, ""PBO"": 0.0, ""Li2O"": 0.0, ""MgO"": 0.0, ""SRO"": 0.0, ""BAO"": 0.0, ""ZNO"": 0.0, ""P2O5"": 0.0, ""GEO2"": 0.0, ""ZRO2"": 0.0, ""TIO2"": 0.0, ""TEO2"": 0.0, ""RO"": 0.0, ""FemOn"": 0.0}",uncertain,99.60069923102856,True,True,1
N-LAK28,2083700177228,0.15259291826863106,AL2O3=6.50; B2O3=55.03; ZNO=17.45; ZRO2=4.99; RO=17.45,"{""SIO2"": 0.0, ""AL2O3"": 0.0, ""B2O3"": 0.0, ""CAO"": 0.0, ""K2O"": 0.0, ""NA2O"": 0.0, ""PBO"": 0.0, ""Li2O"": 0.0, ""MgO"": 0.0, ""SRO"": 0.0, ""BAO"": 0.0, ""ZNO"": 0.0, ""P2O5"": 0.0, ""GEO2"": 0.0, ""ZRO2"": 0.0, ""TIO2"": 0.0, ""TEO2"": 0.0, ""RO"": 0.0, ""FemOn"": 0.0}",uncertain,101.41963481903076,True,True,1
N-LAF2,2398000191633,0.004688794434471364,SIO2=18.63; B2O3=36.77; Li2O=0.83; BAO=10.32; ZNO=7.52; P2O5=1.50; GEO2=0.76; ZRO2=4.29; TIO2=1.09; RO=18.83,"{""SIO2"": 21.118, ""AL2O3"": 1.292, ""B2O3"": 26.823, ""CAO"": 0.755, ""K2O"": 0.394, ""NA2O"": 0.185, ""PBO"": 0.53, ""Li2O"": 1.32, ""MgO"": 0.846, ""SRO"": 0.584, ""BAO"": 13.777, ""ZNO"": 6.703, ""P2O5"": 6.708, ""GEO2"": 2.529, ""ZRO2"": 2.492, ""TIO2"": 2.088, ""TEO2"": 0.0, ""RO"": 14.747, ""FemOn"": 0.0}",uncertain,102.04132996676489,False,True,20
SF3,2619800198754,1.4352289634477015e-07,SIO2=45.50; B2O3=3.99; K2O=2.27; NA2O=3.43; PBO=24.30; Li2O=3.86; BAO=2.99; P2O5=3.26; TIO2=0.54; RO=27.30,"{""SIO2"": 25.959, ""AL2O3"": 0.0, ""B2O3"": 14.216, ""CAO"": 0.0, ""K2O"": 0.871, ""NA2O"": 2.995, ""PBO"": 14.586, ""Li2O"": 5.601, ""MgO"": 0.0, ""SRO"": 0.0, ""BAO"": 6.149, ""ZNO"": 0.0, ""P2O5"": 6.704, ""GEO2"": 0.0, ""ZRO2"": 0.947, ""TIO2"": 0.853, ""TEO2"": 0.0, ""RO"": 9.865, ""FemOn"": 0.0}",flint,117.91093308925629,False,True,20
N-LAK34,2980700400279,0.231976384121834,SIO2=5.44; AL2O3=3.25; B2O3=54.90; CAO=2.91; MgO=2.03; BAO=1.07; ZNO=10.73; ZRO2=3.38; RO=16.74,"{""SIO2"": 7.691, ""AL2O3"": 4.594, ""B2O3"": 0.193, ""CAO"": 4.12, ""K2O"": 0.0, ""NA2O"": 0.0, ""PBO"": 0.0, ""Li2O"": 0.0, ""MgO"": 2.866, ""SRO"": 0.0, ""BAO"": 1.507, ""ZNO"": 9.501, ""P2O5"": 0.0, ""GEO2"": 0.368, ""ZRO2"": 2.277, ""TIO2"": 0.0, ""TEO2"": 0.0, ""RO"": 1.007, ""FemOn"": 0.0}",uncertain,100.69877046346664,True,True,2
N-SF10,2754500361623,0.06932097460197806,SIO2=48.87; AL2O3=2.07; B2O3=2.22; CAO=2.27; K2O=4.23; NA2O=11.11; Li2O=2.00; BAO=1.72; ZNO=0.74; ZRO2=2.55; TIO2=16.56; RO=5.38,"{""SIO2"": 5.123, ""AL2O3"": 2.199, ""B2O3"": 3.661, ""CAO"": 2.221, ""K2O"": 1.998, ""NA2O"": 7.132, ""PBO"": 0.0, ""Li2O"": 3.468, ""MgO"": 0.643, ""SRO"": 0.5, ""BAO"": 0.249, ""ZNO"": 1.273, ""P2O5"": 0.0, ""GEO2"": 0.0, ""ZRO2"": 2.982, ""TIO2"": 13.674, ""TEO2"": 0.0, ""RO"": 4.678, ""FemOn"": 0.0}",heavy flint,100.37772776683173,True,True,3
SF10,2619800198751,0.26710530586874615,SIO2=32.63; B2O3=1.96; K2O=3.37; NA2O=5.64; PBO=15.01; Li2O=6.38; BAO=7.01; P2O5=7.98; TIO2=2.88; RO=22.01,"{""SIO2"": 30.702, ""AL2O3"": 0.447, ""B2O3"": 2.254, ""CAO"": 0.0, ""K2O"": 3.85, ""NA2O"": 3.767, ""PBO"": 15.57, ""Li2O"": 6.786, ""MgO"": 0.0, ""SRO"": 0.0, ""BAO"": 8.028, ""ZNO"": 0.0, ""P2O5"": 9.084, ""GEO2"": 0.0, ""ZRO2"": 0.88, ""TIO2"": 6.07, ""TEO2"": 0.0, ""RO"": 9.247, ""FemOn"": 0.0}",flint,105.32761254906654,False,True,20
P-SF69,2754500361618,0.25114399548174754,SIO2=45.08; B2O3=1.17; K2O=1.59; NA2O=20.27; PBO=0.86; Li2O=1.42; TIO2=26.82; RO=1.68,"{""SIO2"": 14.87, ""AL2O3"": 0.917, ""B2O3"": 2.349, ""CAO"": 0.667, ""K2O"": 3.175, ""NA2O"": 8.572, ""PBO"": 1.724, ""Li2O"": 2.85, ""MgO"": 0.0, ""SRO"": 0.0, ""BAO"": 0.975, ""ZNO"": 0.0, ""P2O5"": 0.0, ""GEO2"": 0.0, ""ZRO2"": 0.0, ""TIO2"": 6.04, ""TEO2"": 0.0, ""RO"": 1.944, ""FemOn"": 0.0}",heavy flint,100.17503038048744,True,True,4
N-KZFS8,3204600406676,0.06499500258500063,SIO2=44.97; AL2O3=2.03; B2O3=2.98; K2O=1.01; NA2O=5.01; Li2O=16.47; MgO=1.07; SRO=4.00; ZNO=9.02; ZRO2=0.98; RO=14.08,"{""SIO2"": 0.0, ""AL2O3"": 0.0, ""B2O3"": 0.0, ""CAO"": 0.0, ""K2O"": 0.0, ""NA2O"": 0.0, ""PBO"": 0.0, ""Li2O"": 0.0, ""MgO"": 0.0, ""SRO"": 0.0, ""BAO"": 0.0, ""ZNO"": 0.0, ""P2O5"": 0.0, ""GEO2"": 0.0, ""ZRO2"": 0.0, ""TIO2"": 0.0, ""TEO2"": 0.0, ""RO"": 0.0, ""FemOn"": 0.0}",uncertain,101.61430889368057,True,True,1
N-LAK10,2359400190128,0.13267783145256234,SIO2=10.88; B2O3=54.76; CAO=5.83; MgO=4.05; BAO=2.13; ZNO=4.01; GEO2=0.52; ZRO2=1.77; RO=16.03,"{""SIO2"": 0.0, ""AL2O3"": 0.0, ""B2O3"": 0.0, ""CAO"": 0.0, ""K2O"": 0.0, ""NA2O"": 0.0, ""PBO"": 0.0, ""Li2O"": 0.0, ""MgO"": 0.0, ""SRO"": 0.0, ""BAO"": 0.0, ""ZNO"": 0.0, ""P2O5"": 0.0, ""GEO2"": 0.0, ""ZRO2"": 0.0, ""TIO2"": 0.0, ""TEO2"": 0.0, ""RO"": 0.0, ""FemOn"": 0.0}",uncertain,99.97790610790253,True,True,1
N-SF1,618100136860,0.0959451311254341,SIO2=48.04; AL2O3=1.55; B2O3=1.66; CAO=1.70; K2O=3.17; NA2O=15.19; Li2O=1.50; BAO=1.29; ZNO=0.55; ZRO2=1.91; TIO2=19.18; RO=4.04,"{""SIO2"": 4.502, ""AL2O3"": 2.073, ""B2O3"": 3.189, ""CAO"": 2.138, ""K2O"": 2.67, ""NA2O"": 10.025, ""PBO"": 0.0, ""Li2O"": 3.003, ""MgO"": 0.557, ""SRO"": 0.433, ""BAO"": 0.884, ""ZNO"": 1.103, ""P2O5"": 0.0, ""GEO2"": 0.0, ""ZRO2"": 2.747, ""TIO2"": 12.33, ""TEO2"": 0.0, ""RO"": 4.673, ""FemOn"": 0.0}",heavy flint,100.2832967787981,True,True,4
SF1,2853300365710,0.001971522769947814,SIO2=41.10; B2O3=9.99; K2O=1.92; NA2O=2.71; PBO=24.60; Li2O=2.90; BAO=2.10; P2O5=6.37; RO=26.71,"{""SIO2"": 27.937, ""AL2O3"": 1.028, ""B2O3"": 23.307, ""CAO"": 0.0, ""K2O"": 1.367, ""NA2O"": 2.627, ""PBO"": 15.248, ""Li2O"": 4.721, ""MgO"": 0.0, ""SRO"": 0.0, ""BAO"": 4.776, ""ZNO"": 0.028, ""P2O5"": 14.908, ""GEO2"": 0.0, ""ZRO2"": 0.88, ""TIO2"": 0.722, ""TEO2"": 0.0, ""RO"": 14.181, ""FemOn"": 0.0}",flint,119.46472556591033,False,True,20
N-LAK8,2359400190121,0.10356737330429112,SIO2=10.88; B2O3=54.76; CAO=5.83; MgO=4.05; BAO=2.13; ZNO=4.01; GEO2=0.52; ZRO2=1.77; RO=16.03,"{""SIO2"": 0.0, ""AL2O3"": 0.0, ""B2O3"": 0.0, ""CAO"": 0.0, ""K2O"": 0.0, ""NA2O"": 0.0, ""PBO"": 0.0, ""Li2O"": 0.0, ""MgO"": 0.0, ""SRO"": 0.0, ""BAO"": 0.0, ""ZNO"": 0.0, ""P2O5"": 0.0, ""GEO2"": 0.0, ""ZRO2"": 0.0, ""TIO2"": 0.0, ""TEO2"": 0.0, ""RO"": 0.0, ""FemOn"": 0.0}",uncertain,99.97790610790253,True,True,1
N-BASF64,4441400607856,0.15853590713801616,SIO2=51.10; B2O3=12.94; CAO=2.54; K2O=0.88; NA2O=12.84; ZNO=2.52; ZRO2=11.31; RO=5.06,"{""SIO2"": 0.295, ""AL2O3"": 0.0, ""B2O3"": 0.319, ""CAO"": 1.486, ""K2O"": 1.251, ""NA2O"": 2.953, ""PBO"": 0.0, ""Li2O"": 0.0, ""MgO"": 0.0, ""SRO"": 0.0, ""BAO"": 0.0, ""ZNO"": 0.773, ""P2O5"": 0.0, ""GEO2"": 0.0, ""ZRO2"": 1.218, ""TIO2"": 0.0, ""TEO2"": 0.0, ""RO"": 0.713, ""FemOn"": 0.0}",lanthanum,99.20364940166473,True,True,2
N-SF15,2754500361624,0.14740927485127275,SIO2=53.04; AL2O3=1.24; K2O=6.03; NA2O=12.49; BAO=0.68; TIO2=24.59; RO=1.08,"{""SIO2"": 7.447, ""AL2O3"": 1.925, ""B2O3"": 0.096, ""CAO"": 0.596, ""K2O"": 8.197, ""NA2O"": 7.005, ""PBO"": 0.0, ""Li2O"": 0.0, ""MgO"": 0.0, ""SRO"": 0.0, ""BAO"": 0.949, ""ZNO"": 0.0, ""P2O5"": 0.0, ""GEO2"": 0.0, ""ZRO2"": 0.81, ""TIO2"": 3.462, ""TEO2"": 0.0, ""RO"": 1.536, ""FemOn"": 0.0}",heavy flint,99.9660285115242,True,True,5
N-LAK14,2359400190121,0.1762799126396305,SIO2=10.88; B2O3=54.76; CAO=5.83; MgO=4.05; BAO=2.13; ZNO=4.01; GEO2=0.52; ZRO2=1.77; RO=16.03,"{""SIO2"": 0.0, ""AL2O3"": 0.0, ""B2O3"": 0.0, ""CAO"": 0.0, ""K2O"": 0.0, ""NA2O"": 0.0, ""PBO"": 0.0, ""Li2O"": 0.0, ""MgO"": 0.0, ""SRO"": 0.0, ""BAO"": 0.0, ""ZNO"": 0.0, ""P2O5"": 0.0, ""GEO2"": 0.0, ""ZRO2"": 0.0, ""TIO2"": 0.0, ""TEO2"": 0.0, ""RO"": 0.0, ""FemOn"": 0.0}",uncertain,99.97790610790253,True,True,1
P-LAK35,3731000442532,0.0331699841279322,SIO2=18.88; AL2O3=0.51; B2O3=34.20; CAO=4.84; Li2O=12.45; SRO=3.23; BAO=3.69; ZNO=10.59; ZRO2=1.67; RO=22.34,"{""SIO2"": 3.809, ""AL2O3"": 0.511, ""B2O3"": 1.602, ""CAO"": 1.98, ""K2O"": 0.0, ""NA2O"": 0.0, ""PBO"": 0.0, ""Li2O"": 1.736, ""MgO"": 0.0, ""SRO"": 3.648, ""BAO"": 3.905, ""ZNO"": 3.558, ""P2O5"": 0.0, ""GEO2"": 0.0, ""ZRO2"": 0.522, ""TIO2"": 0.0, ""TEO2"": 0.0, ""RO"": 6.401, ""FemOn"": 0.0}",uncertain,112.40729401707648,False,True,20
N-LAK9,2359400190121,0.18927320906996975,SIO2=36.88; AL2O3=1.04; B2O3=25.78; CAO=3.39; MgO=1.07; BAO=22.24; ZNO=1.87; ZRO2=3.31; TIO2=1.15; RO=28.70,"{""SIO2"": 15.714, ""AL2O3"": 1.62, ""B2O3"": 14.714, ""CAO"": 5.116, ""K2O"": 0.0, ""NA2O"": 0.066, ""PBO"": 0.0, ""Li2O"": 0.0, ""MgO"": 2.755, ""SRO"": 0.567, ""BAO"": 10.531, ""ZNO"": 2.374, ""P2O5"": 0.0, ""GEO2"": 0.0, ""ZRO2"": 3.307, ""TIO2"": 1.414, ""TEO2"": 0.0, ""RO"": 5.191, ""FemOn"": 0.0}",uncertain,125.56944463960826,False,True,20
LAK9G15,2359400190123,0.14304508942403313,SIO2=31.04; AL2O3=1.03; B2O3=28.57; CAO=5.79; MgO=2.03; BAO=19.75; ZNO=3.16; ZRO2=4.03; TIO2=1.21; RO=30.98,"{""SIO2"": 15.338, ""AL2O3"": 1.393, ""B2O3"": 14.848, ""CAO"": 6.458, ""K2O"": 0.0, ""NA2O"": 0.0, ""PBO"": 0.0, ""Li2O"": 0.0, ""MgO"": 3.259, ""SRO"": 0.787, ""BAO"": 13.151, ""ZNO"": 3.548, ""P2O5"": 0.0, ""GEO2"": 0.0, ""ZRO2"": 3.972, ""TIO2"": 1.394, ""TEO2"": 0.0, ""RO"": 5.213, ""FemOn"": 0.0}",uncertain,127.85287218764424,False,True,20
N-SF8,618100136860,0.16898108706535897,SIO2=53.04; AL2O3=1.24; K2O=6.03; NA2O=12.49; BAO=0.68; TIO2=24.59; RO=1.08,"{""SIO2"": 7.447, ""AL2O3"": 1.925, ""B2O3"": 0.096, ""CAO"": 0.596, ""K2O"": 8.197, ""NA2O"": 7.005, ""PBO"": 0.0, ""Li2O"": 0.0, ""MgO"": 0.0, ""SRO"": 0.0, ""BAO"": 0.949, ""ZNO"": 0.0, ""P2O5"": 0.0, ""GEO2"": 0.0, ""ZRO2"": 0.81, ""TIO2"": 3.462, ""TEO2"": 0.0, ""RO"": 1.536, ""FemOn"": 0.0}",heavy flint,99.9660285115242,True,True,5
N-LAK12,1468700150794,0.09768197340480765,B2O3=66.62; BAO=16.13; RO=16.13,"{""SIO2"": 0.0, ""AL2O3"": 0.0, ""B2O3"": 0.0, ""CAO"": 0.0, ""K2O"": 0.0, ""NA2O"": 0.0, ""PBO"": 0.0, ""Li2O"": 0.0, ""MgO"": 0.0, ""SRO"": 0.0, ""BAO"": 0.0, ""ZNO"": 0.0, ""P2O5"": 0.0, ""GEO2"": 0.0, ""ZRO2"": 0.0, ""TIO2"": 0.0, ""TEO2"": 0.0, ""RO"": 0.0, ""FemOn"": 0.0}",uncertain,98.88933563232422,True,True,1
N-SF5,4349500531227,0.19639926808387723,SIO2=55.41; AL2O3=1.09; K2O=5.96; NA2O=11.70; TIO2=23.95; RO=0.53,"{""SIO2"": 6.036, ""AL2O3"": 2.189, ""B2O3"": 0.107, ""CAO"": 0.332, ""K2O"": 9.463, ""NA2O"": 7.822, ""PBO"": 0.0, ""Li2O"": 0.0, ""MgO"": 0.0, ""SRO"": 0.0, ""BAO"": 0.728, ""ZNO"": 0.0, ""P2O5"": 0.0, ""GEO2"": 0.0, ""ZRO2"": 0.906, ""TIO2"": 3.642, ""TEO2"": 0.0, ""RO"": 1.06, ""FemOn"": 0.0}",heavy flint,99.67555187642574,True,True,4
SF5,458300172222,0.2551178308845056,NA2O=28.94; GEO2=71.06,"{""SIO2"": 0.0, ""AL2O3"": 0.0, ""B2O3"": 0.0, ""CAO"": 0.0, ""K2O"": 0.0, ""NA2O"": 0.0, ""PBO"": 0.0, ""Li2O"": 0.0, ""MgO"": 0.0, ""SRO"": 0.0, ""BAO"": 0.0, ""ZNO"": 0.0, ""P2O5"": 0.0, ""GEO2"": 0.0, ""ZRO2"": 0.0, ""TIO2"": 0.0, ""TEO2"": 0.0, ""RO"": 0.0, ""FemOn"": 0.0}",lanthanum,99.99999809265137,True,True,1
N-BAF10,1747700368325,0.07105667687343026,SIO2=32.51; AL2O3=0.73; B2O3=23.52; CAO=3.31; MgO=0.55; BAO=21.89; ZNO=3.39; P2O5=2.00; GEO2=0.78; ZRO2=3.09; TIO2=2.79; RO=29.43,"{""SIO2"": 16.356, ""AL2O3"": 1.381, ""B2O3"": 17.43, ""CAO"": 3.832, ""K2O"": 0.032, ""NA2O"": 0.094, ""PBO"": 0.66, ""Li2O"": 0.081, ""MgO"": 1.529, ""SRO"": 0.076, ""BAO"": 11.905, ""ZNO"": 3.096, ""P2O5"": 8.944, ""GEO2"": 3.015, ""ZRO2"": 3.709, ""TIO2"": 1.864, ""TEO2"": 0.0, ""RO"": 10.739, ""FemOn"": 0.0}",uncertain,124.33111480847,False,True,20
N-BASF2,4349400531177,0.06727417873044389,SIO2=33.85; AL2O3=1.67; B2O3=8.49; CAO=1.95; K2O=2.03; NA2O=7.97; BAO=5.00; ZNO=1.02; P2O5=21.67; ZRO2=7.37; RO=7.97,"{""SIO2"": 29.318, ""AL2O3"": 2.887, ""B2O3"": 7.365, ""CAO"": 2.219, ""K2O"": 2.177, ""NA2O"": 7.008, ""PBO"": 0.0, ""Li2O"": 0.0, ""MgO"": 0.0, ""SRO"": 0.0, ""BAO"": 8.66, ""ZNO"": 1.773, ""P2O5"": 37.528, ""GEO2"": 0.0, ""ZRO2"": 6.478, ""TIO2"": 0.0, ""TEO2"": 0.0, ""RO"": 6.086, ""FemOn"": 0.0}",lanthanum,98.99104189872743,True,True,3
N-SSK5,1747700368322,0.04721741760567748,SIO2=39.02; AL2O3=1.07; B2O3=20.93; CAO=3.42; BAO=24.13; ZNO=3.34; ZRO2=3.34; TIO2=2.17; RO=31.50,"{""SIO2"": 10.901, ""AL2O3"": 1.346, ""B2O3"": 11.94, ""CAO"": 3.793, ""K2O"": 0.032, ""NA2O"": 0.094, ""PBO"": 0.66, ""Li2O"": 0.081, ""MgO"": 1.019, ""SRO"": 0.076, ""BAO"": 7.552, ""ZNO"": 3.154, ""P2O5"": 0.0, ""GEO2"": 0.0, ""ZRO2"": 4.104, ""TIO2"": 1.607, ""TEO2"": 0.0, ""RO"": 5.487, ""FemOn"": 0.0}",uncertain,129.56234527342022,False,True,20
N-KZFS5,3550300426528,0.02036384429713322,SIO2=50.81; B2O3=12.73; CAO=3.15; K2O=2.03; NA2O=12.95; ZNO=1.68; ZRO2=10.85; RO=4.83,"{""SIO2"": 0.544, ""AL2O3"": 0.0, ""B2O3"": 0.431, ""CAO"": 1.489, ""K2O"": 2.177, ""NA2O"": 2.096, ""PBO"": 0.0, ""Li2O"": 0.0, ""MgO"": 0.0, ""SRO"": 0.0, ""BAO"": 0.0, ""ZNO"": 1.557, ""P2O5"": 0.0, ""GEO2"": 0.0, ""ZRO2"": 1.174, ""TIO2"": 0.0, ""TEO2"": 0.0, ""RO"": 0.645, ""FemOn"": 0.0}",lanthanum,99.03090198834737,True,True,3
N-BAF51,2368300190665,0.028783791150332628,AL2O3=10.85; NA2O=9.97; GEO2=79.18,"{""SIO2"": 0.0, ""AL2O3"": 0.0, ""B2O3"": 0.0, ""CAO"": 0.0, ""K2O"": 0.0, ""NA2O"": 0.0, ""PBO"": 0.0, ""Li2O"": 0.0, ""MgO"": 0.0, ""SRO"": 0.0, ""BAO"": 0.0, ""ZNO"": 0.0, ""P2O5"": 0.0, ""GEO2"": 0.0, ""ZRO2"": 0.0, ""TIO2"": 0.0, ""TEO2"": 0.0, ""RO"": 0.0, ""FemOn"": 0.0}",lanthanum,100.00000095367432,True,True,1
N-LAK7,1468700150799,0.1029853706959746,SIO2=37.48; AL2O3=1.43; B2O3=25.89; BAO=31.22; ZRO2=1.14; RO=32.32,"{""SIO2"": 9.456, ""AL2O3"": 0.672, ""B2O3"": 8.424, ""CAO"": 0.736, ""K2O"": 0.0, ""NA2O"": 0.0, ""PBO"": 0.0, ""Li2O"": 0.0, ""MgO"": 0.461, ""SRO"": 0.0, ""BAO"": 2.434, ""ZNO"": 0.292, ""P2O5"": 0.0, ""GEO2"": 0.0, ""ZRO2"": 2.364, ""TIO2"": 0.233, ""TEO2"": 0.0, ""RO"": 2.79, ""FemOn"": 0.0}",uncertain,129.89754039011896,False,True,20
N-LAK22,2607200197367,0.06566751699710302,SIO2=44.12; AL2O3=1.27; B2O3=20.91; CAO=1.08; BAO=26.59; ZNO=1.28; ZRO2=1.91; TIO2=0.53; RO=28.95,"{""SIO2"": 12.202, ""AL2O3"": 1.485, ""B2O3"": 12.118, ""CAO"": 2.527, ""K2O"": 0.0, ""NA2O"": 0.066, ""PBO"": 0.0, ""Li2O"": 0.0, ""MgO"": 0.0, ""SRO"": 0.0, ""BAO"": 7.733, ""ZNO"": 1.963, ""P2O5"": 0.0, ""GEO2"": 0.0, ""ZRO2"": 2.654, ""TIO2"": 0.9, ""TEO2"": 0.0, ""RO"": 5.193, ""FemOn"": 0.0}",uncertain,126.65594109757802,False,True,20
N-SF2,2084800177322,0.1959530848489864,SIO2=60.38; K2O=6.74; NA2O=10.47; TIO2=22.41,"{""SIO2"": 6.685, ""AL2O3"": 0.0, ""B2O3"": 0.0, ""CAO"": 0.0, ""K2O"": 9.371, ""NA2O"": 7.393, ""PBO"": 0.0, ""Li2O"": 0.0, ""MgO"": 0.0, ""SRO"": 0.0, ""BAO"": 0.0, ""ZNO"": 0.0, ""P2O5"": 0.0, ""GEO2"": 0.0, ""ZRO2"": 0.0, ""TIO2"": 5.517, ""TEO2"": 0.0, ""RO"": 0.0, ""FemOn"": 0.0}",heavy flint,99.99500119686127,True,True,4
SF2,24800020366,0.1841313911522406,AL2O3=2.44; NA2O=17.23; GEO2=80.33,"{""SIO2"": 0.0, ""AL2O3"": 3.451, ""B2O3"": 0.0, ""CAO"": 0.0, ""K2O"": 0.0, ""NA2O"": 16.568, ""PBO"": 0.0, ""Li2O"": 0.0, ""MgO"": 0.0, ""SRO"": 0.0, ""BAO"": 0.0, ""ZNO"": 0.0, ""P2O5"": 0.0, ""GEO2"": 13.117, ""ZRO2"": 0.0, ""TIO2"": 0.0, ""TEO2"": 0.0, ""RO"": 0.0, ""FemOn"": 0.0}",lanthanum,99.99999952316284,True,True,2
N-LAK21,1468700150805,0.12828428973773934,SIO2=44.82; AL2O3=1.91; B2O3=21.15; BAO=29.63; ZNO=0.76; ZRO2=0.55; RO=30.61,"{""SIO2"": 3.591, ""AL2O3"": 1.241, ""B2O3"": 4.218, ""CAO"": 0.0, ""K2O"": 0.108, ""NA2O"": 0.204, ""PBO"": 0.0, ""Li2O"": 0.0, ""MgO"": 0.0, ""SRO"": 0.0, ""BAO"": 1.498, ""ZNO"": 1.331, ""P2O5"": 0.0, ""GEO2"": 0.0, ""ZRO2"": 1.199, ""TIO2"": 0.09, ""TEO2"": 0.0, ""RO"": 1.466, ""FemOn"": 0.0}",uncertain,129.58381010442972,False,True,20
N-KZFS11,1588400155833,0.1622868901185033,SIO2=25.45; AL2O3=5.43; B2O3=6.36; CAO=1.79; NA2O=12.45; ZNO=0.99; GEO2=39.59; ZRO2=5.22; RO=2.78,"{""SIO2"": 35.988, ""AL2O3"": 7.672, ""B2O3"": 8.991, ""CAO"": 2.537, ""K2O"": 0.0, ""NA2O"": 3.508, ""PBO"": 0.0, ""Li2O"": 0.0, ""MgO"": 0.0, ""SRO"": 0.0, ""BAO"": 0.0, ""ZNO"": 1.398, ""P2O5"": 0.0, ""GEO2"": 55.989, ""ZRO2"": 7.389, ""TIO2"": 0.0, ""TEO2"": 0.0, ""RO"": 3.935, ""FemOn"": 0.0}",lanthanum,100.05979061126709,True,True,2
N-SSK20,3607500432640,0.03662905577397108,SIO2=44.21; AL2O3=1.21; B2O3=9.57; K2O=1.60; NA2O=7.50; Li2O=0.82; BAO=13.57; ZNO=12.81; P2O5=2.75; ZRO2=1.79; TIO2=0.64; RO=26.38,"{""SIO2"": 22.795, ""AL2O3"": 2.034, ""B2O3"": 21.278, ""CAO"": 0.0, ""K2O"": 1.595, ""NA2O"": 5.221, ""PBO"": 0.0, ""Li2O"": 0.951, ""MgO"": 0.0, ""SRO"": 0.0, ""BAO"": 10.842, ""ZNO"": 8.559, ""P2O5"": 12.298, ""GEO2"": 0.0, ""ZRO2"": 1.615, ""TIO2"": 2.062, ""TEO2"": 0.0, ""RO"": 3.993, ""FemOn"": 0.0}",uncertain,122.8556559054181,False,True,20
N-SSK2,1747700167340,0.19312552489188353,SIO2=48.26; AL2O3=2.48; B2O3=15.00; CAO=1.41; NA2O=2.08; BAO=23.63; ZNO=2.84; ZRO2=1.74; TIO2=0.99; RO=28.09,"{""SIO2"": 7.181, ""AL2O3"": 1.876, ""B2O3"": 7.703, ""CAO"": 3.154, ""K2O"": 0.434, ""NA2O"": 4.606, ""PBO"": 0.0, ""Li2O"": 0.0, ""MgO"": 0.933, ""SRO"": 0.0, ""BAO"": 7.948, ""ZNO"": 2.749, ""P2O5"": 0.0, ""GEO2"": 0.0, ""ZRO2"": 2.362, ""TIO2"": 1.319, ""TEO2"": 0.0, ""RO"": 7.897, ""FemOn"": 0.0}",uncertain,126.84786475091241,False,True,20
F2G12,24800020367,0.04287737264178531,AL2O3=2.44; NA2O=17.23; GEO2=80.33,"{""SIO2"": 0.0, ""AL2O3"": 3.451, ""B2O3"": 0.0, ""CAO"": 0.0, ""K2O"": 0.0, ""NA2O"": 16.568, ""PBO"": 0.0, ""Li2O"": 0.0, ""MgO"": 0.0, ""SRO"": 0.0, ""BAO"": 0.0, ""ZNO"": 0.0, ""P2O5"": 0.0, ""GEO2"": 13.117, ""ZRO2"": 0.0, ""TIO2"": 0.0, ""TEO2"": 0.0, ""RO"": 0.0, ""FemOn"": 0.0}",lanthanum,99.99999952316284,True,True,2
N-SK16,1747700167338,0.038837652434193626,SIO2=45.23; AL2O3=2.48; B2O3=21.86; SRO=0.78; BAO=26.59; ZNO=0.86; RO=28.45,"{""SIO2"": 4.606, ""AL2O3"": 1.47, ""B2O3"": 5.607, ""CAO"": 0.0, ""K2O"": 0.426, ""NA2O"": 0.368, ""PBO"": 0.0, ""Li2O"": 0.0, ""MgO"": 0.0, ""SRO"": 3.5, ""BAO"": 5.445, ""ZNO"": 1.583, ""P2O5"": 0.0, ""GEO2"": 0.0, ""ZRO2"": 0.734, ""TIO2"": 0.144, ""TEO2"": 0.0, ""RO"": 2.549, ""FemOn"": 0.0}",uncertain,126.88422413533553,False,True,20
N-F2,3903600460254,0.22136648291862202,SIO2=61.42; AL2O3=1.46; K2O=7.40; NA2O=10.17; TIO2=19.20,"{""SIO2"": 5.564, ""AL2O3"": 2.359, ""B2O3"": 0.0, ""CAO"": 0.0, ""K2O"": 7.401, ""NA2O"": 5.851, ""PBO"": 0.0, ""Li2O"": 0.0, ""MgO"": 0.0, ""SRO"": 0.0, ""BAO"": 0.0, ""ZNO"": 0.0, ""P2O5"": 0.0, ""GEO2"": 0.0, ""ZRO2"": 0.23, ""TIO2"": 5.5, ""TEO2"": 0.0, ""RO"": 0.0, ""FemOn"": 0.0}",heavy flint,99.74526217579842,True,True,6
F2,24800020367,0.046149499171224746,AL2O3=2.44; NA2O=17.23; GEO2=80.33,"{""SIO2"": 0.0, ""AL2O3"": 3.451, ""B2O3"": 0.0, ""CAO"": 0.0, ""K2O"": 0.0, ""NA2O"": 16.568, ""PBO"": 0.0, ""Li2O"": 0.0, ""MgO"": 0.0, ""SRO"": 0.0, ""BAO"": 0.0, ""ZNO"": 0.0, ""P2O5"": 0.0, ""GEO2"": 13.117, ""ZRO2"": 0.0, ""TIO2"": 0.0, ""TEO2"": 0.0, ""RO"": 0.0, ""FemOn"": 0.0}",lanthanum,99.99999952316284,True,True,2
F2HT,24800020367,0.046149499171224746,AL2O3=2.44; NA2O=17.23; GEO2=80.33,"{""SIO2"": 0.0, ""AL2O3"": 3.451, ""B2O3"": 0.0, ""CAO"": 0.0, ""K2O"": 0.0, ""NA2O"": 16.568, ""PBO"": 0.0, ""Li2O"": 0.0, ""MgO"": 0.0, ""SRO"": 0.0, ""BAO"": 0.0, ""ZNO"": 0.0, ""P2O5"": 0.0, ""GEO2"": 13.117, ""ZRO2"": 0.0, ""TIO2"": 0.0, ""TEO2"": 0.0, ""RO"": 0.0, ""FemOn"": 0.0}",lanthanum,99.99999952316284,True,True,2
F2HTi,24800020367,0.046149499171224746,AL2O3=2.44; NA2O=17.23; GEO2=80.33,"{""SIO2"": 0.0, ""AL2O3"": 3.451, ""B2O3"": 0.0, ""CAO"": 0.0, ""K2O"": 0.0, ""NA2O"": 16.568, ""PBO"": 0.0, ""Li2O"": 0.0, ""MgO"": 0.0, ""SRO"": 0.0, ""BAO"": 0.0, ""ZNO"": 0.0, ""P2O5"": 0.0, ""GEO2"": 13.117, ""ZRO2"": 0.0, ""TIO2"": 0.0, ""TEO2"": 0.0, ""RO"": 0.0, ""FemOn"": 0.0}",lanthanum,99.99999952316284,True,True,2
N-PSK53A,988900041011,0.15960952054753247,SIO2=21.72; AL2O3=1.69; B2O3=37.38; CAO=2.77; SRO=0.78; BAO=27.85; ZNO=1.20; P2O5=4.03; ZRO2=0.53; RO=33.06,"{""SIO2"": 22.501, ""AL2O3"": 1.951, ""B2O3"": 21.637, ""CAO"": 6.942, ""K2O"": 0.0, ""NA2O"": 0.536, ""PBO"": 0.0, ""Li2O"": 0.0, ""MgO"": 1.742, ""SRO"": 3.5, ""BAO"": 6.925, ""ZNO"": 2.417, ""P2O5"": 10.101, ""GEO2"": 0.0, ""ZRO2"": 1.841, ""TIO2"": 0.026, ""TEO2"": 0.0, ""RO"": 8.473, ""FemOn"": 0.0}",uncertain,131.60394936576483,False,True,20
N-SSK8,2368100190653,0.1117469014240595,AL2O3=14.10; NA2O=15.74; GEO2=70.16,"{""SIO2"": 0.0, ""AL2O3"": 0.0, ""B2O3"": 0.0, ""CAO"": 0.0, ""K2O"": 0.0, ""NA2O"": 0.0, ""PBO"": 0.0, ""Li2O"": 0.0, ""MgO"": 0.0, ""SRO"": 0.0, ""BAO"": 0.0, ""ZNO"": 0.0, ""P2O5"": 0.0, ""GEO2"": 0.0, ""ZRO2"": 0.0, ""TIO2"": 0.0, ""TEO2"": 0.0, ""RO"": 0.0, ""FemOn"": 0.0}",lanthanum,100.00000476837158,True,True,1
N-KZFS4,4349100531093,0.18146810196198768,SIO2=55.25; B2O3=12.44; K2O=2.78; NA2O=5.82; Li2O=7.24; BAO=1.49; P2O5=3.50; ZRO2=6.01; RO=1.53,"{""SIO2"": 13.902, ""AL2O3"": 0.191, ""B2O3"": 6.016, ""CAO"": 0.114, ""K2O"": 1.479, ""NA2O"": 2.513, ""PBO"": 0.0, ""Li2O"": 3.97, ""MgO"": 0.0, ""SRO"": 0.0, ""BAO"": 4.401, ""ZNO"": 0.016, ""P2O5"": 15.652, ""GEO2"": 0.0, ""ZRO2"": 4.36, ""TIO2"": 1.628, ""TEO2"": 0.0, ""RO"": 4.39, ""FemOn"": 0.157}",lanthanum,96.52015153840185,False,True,20
N-SK4,2359000190088,0.10137563144219766,SIO2=46.57; AL2O3=2.59; B2O3=20.13; SRO=0.75; BAO=26.75; ZNO=1.24; RO=29.33,"{""SIO2"": 4.861, ""AL2O3"": 1.589, ""B2O3"": 6.122, ""CAO"": 1.33, ""K2O"": 0.434, ""NA2O"": 0.25, ""PBO"": 0.0, ""Li2O"": 0.0, ""MgO"": 0.0, ""SRO"": 3.368, ""BAO"": 5.662, ""ZNO"": 1.517, ""P2O5"": 0.0, ""GEO2"": 0.0, ""ZRO2"": 0.377, ""TIO2"": 0.381, ""TEO2"": 0.0, ""RO"": 2.265, ""FemOn"": 0.0}",uncertain,128.34798642834647,False,True,20
P-SK60,2851300365568,0.1494525873746579,SIO2=47.26; AL2O3=3.68; B2O3=20.24; Li2O=20.55; BAO=4.71; RO=4.71,"{""SIO2"": 0.0, ""AL2O3"": 0.0, ""B2O3"": 0.0, ""CAO"": 0.0, ""K2O"": 0.0, ""NA2O"": 0.0, ""PBO"": 0.0, ""Li2O"": 0.0, ""MgO"": 0.0, ""SRO"": 0.0, ""BAO"": 0.0, ""ZNO"": 0.0, ""P2O5"": 0.0, ""GEO2"": 0.0, ""ZRO2"": 0.0, ""TIO2"": 0.0, ""TEO2"": 0.0, ""RO"": 0.0, ""FemOn"": 0.0}",uncertain,101.15365099906921,True,True,1
N-BAF52,2368500190683,0.008480390865977891,SIO2=27.09; AL2O3=7.81; B2O3=5.01; CAO=2.07; K2O=1.65; NA2O=13.81; GEO2=35.08; ZRO2=5.35; RO=2.31,"{""SIO2"": 38.312, ""AL2O3"": 8.894, ""B2O3"": 7.085, ""CAO"": 2.932, ""K2O"": 2.327, ""NA2O"": 2.728, ""PBO"": 0.0, ""Li2O"": 0.0, ""MgO"": 0.0, ""SRO"": 0.0, ""BAO"": 0.0, ""ZNO"": 0.337, ""P2O5"": 0.0, ""GEO2"": 49.613, ""ZRO2"": 7.561, ""TIO2"": 0.0, ""TEO2"": 0.0, ""RO"": 3.269, ""FemOn"": 0.0}",lanthanum,100.41598370671272,True,True,2
N-SK2,2359000190088,0.17210875765633596,SIO2=47.97; AL2O3=2.67; B2O3=18.37; NA2O=0.98; BAO=26.83; ZNO=1.14; RO=28.28,"{""SIO2"": 3.401, ""AL2O3"": 1.671, ""B2O3"": 3.922, ""CAO"": 0.495, ""K2O"": 0.434, ""NA2O"": 3.955, ""PBO"": 0.0, ""Li2O"": 0.0, ""MgO"": 0.0, ""SRO"": 0.0, ""BAO"": 6.579, ""ZNO"": 1.459, ""P2O5"": 0.0, ""GEO2"": 0.0, ""ZRO2"": 0.729, ""TIO2"": 0.503, ""TEO2"": 0.0, ""RO"": 6.936, ""FemOn"": 0.0}",uncertain,127.14293203493581,False,True,20
N-SK2HT,2359000190088,0.17210875765633596,SIO2=47.97; AL2O3=2.67; B2O3=18.37; NA2O=0.98; BAO=26.83; ZNO=1.14; RO=28.28,"{""SIO2"": 3.401, ""AL2O3"": 1.671, ""B2O3"": 3.922, ""CAO"": 0.495, ""K2O"": 0.434, ""NA2O"": 3.955, ""PBO"": 0.0, ""Li2O"": 0.0, ""MgO"": 0.0, ""SRO"": 0.0, ""BAO"": 6.579, ""ZNO"": 1.459, ""P2O5"": 0.0, ""GEO2"": 0.0, ""ZRO2"": 0.729, ""TIO2"": 0.503, ""TEO2"": 0.0, ""RO"": 6.936, ""FemOn"": 0.0}",uncertain,127.14293203493581,False,True,20
N-BAF4,2368500190682,0.029141316567054862,SIO2=57.00; AL2O3=3.49; B2O3=5.01; CAO=2.07; K2O=6.81; NA2O=10.43; ZRO2=5.63; TIO2=7.40; RO=2.31,"{""SIO2"": 3.982, ""AL2O3"": 2.782, ""B2O3"": 7.085, ""CAO"": 2.932, ""K2O"": 4.978, ""NA2O"": 2.056, ""PBO"": 0.0, ""Li2O"": 0.0, ""MgO"": 0.0, ""SRO"": 0.0, ""BAO"": 0.0, ""ZNO"": 0.337, ""P2O5"": 0.0, ""GEO2"": 0.0, ""ZRO2"": 7.162, ""TIO2"": 10.461, ""TEO2"": 0.0, ""RO"": 3.269, ""FemOn"": 0.0}",heavy flint,100.3802101612091,True,True,2
F5,24800020377,0.09249178642994799,AL2O3=2.44; NA2O=17.23; GEO2=80.33,"{""SIO2"": 0.0, ""AL2O3"": 3.451, ""B2O3"": 0.0, ""CAO"": 0.0, ""K2O"": 0.0, ""NA2O"": 16.568, ""PBO"": 0.0, ""Li2O"": 0.0, ""MgO"": 0.0, ""SRO"": 0.0, ""BAO"": 0.0, ""ZNO"": 0.0, ""P2O5"": 0.0, ""GEO2"": 13.117, ""ZRO2"": 0.0, ""TIO2"": 0.0, ""TEO2"": 0.0, ""RO"": 0.0, ""FemOn"": 0.0}",lanthanum,99.99999952316284,True,True,2
N-SK14,2359000190090,0.11945175749137162,SIO2=41.95; AL2O3=3.11; B2O3=19.86; NA2O=1.01; SRO=1.54; BAO=20.45; ZNO=1.13; P2O5=6.60; RO=23.60,"{""SIO2"": 14.164, ""AL2O3"": 1.423, ""B2O3"": 7.687, ""CAO"": 1.388, ""K2O"": 0.426, ""NA2O"": 3.956, ""PBO"": 0.0, ""Li2O"": 0.0, ""MgO"": 0.0, ""SRO"": 4.728, ""BAO"": 11.311, ""ZNO"": 1.672, ""P2O5"": 20.301, ""GEO2"": 0.0, ""ZRO2"": 0.393, ""TIO2"": 0.145, ""TEO2"": 0.0, ""RO"": 10.495, ""FemOn"": 0.0}",uncertain,120.04610715499146,False,True,20
LF5G19,24800020378,0.21900767725817252,SIO2=16.95; AL2O3=1.63; B2O3=2.01; CAO=1.82; K2O=1.35; NA2O=13.13; Li2O=5.11; GEO2=53.56; ZRO2=1.24; RO=2.38,"{""SIO2"": 29.354, ""AL2O3"": 2.817, ""B2O3"": 3.483, ""CAO"": 3.145, ""K2O"": 2.34, ""NA2O"": 13.698, ""PBO"": 0.0, ""Li2O"": 8.853, ""MgO"": 0.0, ""SRO"": 0.0, ""BAO"": 0.431, ""ZNO"": 0.542, ""P2O5"": 0.0, ""GEO2"": 47.3, ""ZRO2"": 2.147, ""TIO2"": 0.221, ""TEO2"": 0.0, ""RO"": 4.118, ""FemOn"": 0.0}",lanthanum,99.85305418570834,True,True,3
N-SK5,4238800489792,0.11247508008341356,SIO2=40.44; AL2O3=3.38; B2O3=19.11; CAO=0.54; NA2O=1.89; SRO=1.54; BAO=16.82; ZNO=1.03; P2O5=9.89; RO=19.93,"{""SIO2"": 16.783, ""AL2O3"": 1.288, ""B2O3"": 7.98, ""CAO"": 1.459, ""K2O"": 1.176, ""NA2O"": 5.437, ""PBO"": 0.0, ""Li2O"": 0.0, ""MgO"": 0.0, ""SRO"": 4.728, ""BAO"": 12.148, ""ZNO"": 1.59, ""P2O5"": 24.163, ""GEO2"": 0.0, ""ZRO2"": 0.257, ""TIO2"": 0.145, ""TEO2"": 0.0, ""RO"": 12.128, ""FemOn"": 0.0}",uncertain,115.12200582055374,False,True,20
N-SK5HTi,4238800489792,0.11247508008341356,SIO2=40.44; AL2O3=3.38; B2O3=19.11; CAO=0.54; NA2O=1.89; SRO=1.54; BAO=16.82; ZNO=1.03; P2O5=9.89; RO=19.93,"{""SIO2"": 16.783, ""AL2O3"": 1.288, ""B2O3"": 7.98, ""CAO"": 1.459, ""K2O"": 1.176, ""NA2O"": 5.437, ""PBO"": 0.0, ""Li2O"": 0.0, ""MgO"": 0.0, ""SRO"": 4.728, ""BAO"": 12.148, ""ZNO"": 1.59, ""P2O5"": 24.163, ""GEO2"": 0.0, ""ZRO2"": 0.257, ""TIO2"": 0.145, ""TEO2"": 0.0, ""RO"": 12.128, ""FemOn"": 0.0}",uncertain,115.12200582055374,False,True,20
P-SK57,3110100402632,0.027064822211633848,SIO2=47.26; AL2O3=3.68; B2O3=20.24; Li2O=20.55; BAO=4.71; RO=4.71,"{""SIO2"": 0.0, ""AL2O3"": 0.0, ""B2O3"": 0.0, ""CAO"": 0.0, ""K2O"": 0.0, ""NA2O"": 0.0, ""PBO"": 0.0, ""Li2O"": 0.0, ""MgO"": 0.0, ""SRO"": 0.0, ""BAO"": 0.0, ""ZNO"": 0.0, ""P2O5"": 0.0, ""GEO2"": 0.0, ""ZRO2"": 0.0, ""TIO2"": 0.0, ""TEO2"": 0.0, ""RO"": 0.0, ""FemOn"": 0.0}",uncertain,101.15365099906921,True,True,1
LF5,24800020368,0.10120148877120293,SIO2=29.33; AL2O3=2.09; B2O3=13.91; K2O=4.18; NA2O=3.66; PBO=6.85; Li2O=2.24; ZNO=7.68; P2O5=13.07; GEO2=1.00; TIO2=3.11; RO=15.91,"{""SIO2"": 34.929, ""AL2O3"": 3.887, ""B2O3"": 27.125, ""CAO"": 1.176, ""K2O"": 5.641, ""NA2O"": 5.814, ""PBO"": 7.318, ""Li2O"": 4.054, ""MgO"": 0.289, ""SRO"": 1.136, ""BAO"": 1.063, ""ZNO"": 15.824, ""P2O5"": 16.71, ""GEO2"": 3.051, ""ZRO2"": 0.0, ""TIO2"": 4.725, ""TEO2"": 0.0, ""RO"": 16.047, ""FemOn"": 0.0}",phosphate,104.41697571128609,False,True,20
LF5HTi,24800020368,0.10130673208945666,SIO2=29.33; AL2O3=2.09; B2O3=13.91; K2O=4.18; NA2O=3.66; PBO=6.85; Li2O=2.24; ZNO=7.68; P2O5=13.07; GEO2=1.00; TIO2=3.11; RO=15.91,"{""SIO2"": 34.929, ""AL2O3"": 3.887, ""B2O3"": 27.125, ""CAO"": 1.176, ""K2O"": 5.641, ""NA2O"": 5.814, ""PBO"": 7.318, ""Li2O"": 4.054, ""MgO"": 0.289, ""SRO"": 1.136, ""BAO"": 1.063, ""ZNO"": 15.824, ""P2O5"": 16.71, ""GEO2"": 3.051, ""ZRO2"": 0.0, ""TIO2"": 4.725, ""TEO2"": 0.0, ""RO"": 16.047, ""FemOn"": 0.0}",phosphate,104.41697571128609,False,True,20
N-BALF4,2404700191862,0.022167360614390258,SIO2=53.65; AL2O3=1.81; B2O3=4.05; K2O=2.67; NA2O=6.23; BAO=12.37; ZNO=9.03; P2O5=6.30; ZRO2=1.05; TIO2=1.30; RO=21.73,"{""SIO2"": 18.706, ""AL2O3"": 2.288, ""B2O3"": 5.293, ""CAO"": 1.448, ""K2O"": 2.547, ""NA2O"": 3.202, ""PBO"": 0.0, ""Li2O"": 0.445, ""MgO"": 0.0, ""SRO"": 0.0, ""BAO"": 7.424, ""ZNO"": 6.28, ""P2O5"": 19.374, ""GEO2"": 0.0, ""ZRO2"": 1.578, ""TIO2"": 1.961, ""TEO2"": 0.0, ""RO"": 4.672, ""FemOn"": 0.0}",uncertain,120.61435278505087,False,True,20
N-BAK1,3304500407305,0.13625864780961963,SIO2=53.54; AL2O3=1.23; B2O3=13.93; K2O=2.09; NA2O=5.82; BAO=14.41; ZNO=5.90; ZRO2=0.59; TIO2=1.05; RO=20.75,"{""SIO2"": 18.805, ""AL2O3"": 1.758, ""B2O3"": 20.901, ""CAO"": 1.51, ""K2O"": 2.257, ""NA2O"": 3.758, ""PBO"": 0.0, ""Li2O"": 0.0, ""MgO"": 0.0, ""SRO"": 0.0, ""BAO"": 6.652, ""ZNO"": 4.795, ""P2O5"": 0.0, ""GEO2"": 0.0, ""ZRO2"": 0.794, ""TIO2"": 1.723, ""TEO2"": 0.0, ""RO"": 5.93, ""FemOn"": 0.0}",uncertain,119.75709802955389,False,True,20
N-BAK4,2404700191863,0.021436793706257323,SIO2=56.08; AL2O3=1.84; B2O3=5.70; CAO=0.60; K2O=3.07; NA2O=5.11; BAO=10.82; ZNO=7.02; P2O5=5.95; ZRO2=0.65; TIO2=1.42; RO=18.94,"{""SIO2"": 18.447, ""AL2O3"": 2.169, ""B2O3"": 6.322, ""CAO"": 1.597, ""K2O"": 2.234, ""NA2O"": 2.681, ""PBO"": 0.0, ""Li2O"": 1.714, ""MgO"": 2.22, ""SRO"": 0.0, ""BAO"": 5.055, ""ZNO"": 6.317, ""P2O5"": 18.478, ""GEO2"": 0.0, ""ZRO2"": 1.513, ""TIO2"": 1.858, ""TEO2"": 0.0, ""RO"": 5.149, ""FemOn"": 0.0}",crown,118.1981734216213,False,True,20
N-BAK4HT,2404700191863,0.021436793706257323,SIO2=56.08; AL2O3=1.84; B2O3=5.70; CAO=0.60; K2O=3.07; NA2O=5.11; BAO=10.82; ZNO=7.02; P2O5=5.95; ZRO2=0.65; TIO2=1.42; RO=18.94,"{""SIO2"": 18.447, ""AL2O3"": 2.169, ""B2O3"": 6.322, ""CAO"": 1.597, ""K2O"": 2.234, ""NA2O"": 2.681, ""PBO"": 0.0, ""Li2O"": 1.714, ""MgO"": 2.22, ""SRO"": 0.0, ""BAO"": 5.055, ""ZNO"": 6.317, ""P2O5"": 18.478, ""GEO2"": 0.0, ""ZRO2"": 1.513, ""TIO2"": 1.858, ""TEO2"": 0.0, ""RO"": 5.149, ""FemOn"": 0.0}",crown,118.1981734216213,False,True,20
N-SK11,25400020562,0.21171041966573922,SIO2=44.50; AL2O3=2.22; B2O3=20.11; CAO=0.76; K2O=2.11; NA2O=4.03; SRO=0.78; BAO=11.80; ZNO=2.45; P2O5=6.60; RO=15.80,"{""SIO2"": 23.361, ""AL2O3"": 1.984, ""B2O3"": 19.875, ""CAO"": 1.169, ""K2O"": 3.659, ""NA2O"": 4.807, ""PBO"": 0.0, ""Li2O"": 1.119, ""MgO"": 0.0, ""SRO"": 3.5, ""BAO"": 8.189, ""ZNO"": 3.135, ""P2O5"": 20.301, ""GEO2"": 0.0, ""ZRO2"": 0.515, ""TIO2"": 1.472, ""TEO2"": 0.0, ""RO"": 9.177, ""FemOn"": 0.0}",uncertain,112.0683561950922,False,True,20
N-KZFS2,3910000462084,0.1680302774301865,SIO2=64.45; AL2O3=1.38; B2O3=6.27; CAO=1.84; K2O=2.94; NA2O=8.38; PBO=2.33; Li2O=9.38; MgO=1.80; SRO=0.58; RO=6.80,"{""SIO2"": 17.121, ""AL2O3"": 1.735, ""B2O3"": 15.219, ""CAO"": 4.923, ""K2O"": 3.16, ""NA2O"": 6.957, ""PBO"": 1.417, ""Li2O"": 9.005, ""MgO"": 4.157, ""SRO"": 2.58, ""BAO"": 0.0, ""ZNO"": 0.792, ""P2O5"": 0.0, ""GEO2"": 0.0, ""ZRO2"": 0.489, ""TIO2"": 0.489, ""TEO2"": 0.0, ""RO"": 5.324, ""FemOn"": 0.0}",crown,106.6258436754346,False,True,20
N-PSK3,25400020567,0.15264546731800777,SIO2=63.36; B2O3=17.16; K2O=8.08; NA2O=11.40,"{""SIO2"": 3.914, ""AL2O3"": 0.0, ""B2O3"": 2.47, ""CAO"": 0.0, ""K2O"": 11.096, ""NA2O"": 10.627, ""PBO"": 0.0, ""Li2O"": 0.0, ""MgO"": 0.0, ""SRO"": 0.0, ""BAO"": 0.0, ""ZNO"": 0.0, ""P2O5"": 0.0, ""GEO2"": 0.0, ""ZRO2"": 0.0, ""TIO2"": 0.0, ""TEO2"": 0.0, ""RO"": 0.0, ""FemOn"": 0.0}",crown,100.00000114440918,True,True,5
LLF1HTi,24800020369,0.12002130068453763,SIO2=63.62; B2O3=6.99; NA2O=14.57; PBO=6.54; RO=6.54,"{""SIO2"": 0.0, ""AL2O3"": 0.0, ""B2O3"": 0.0, ""CAO"": 0.0, ""K2O"": 0.0, ""NA2O"": 0.0, ""PBO"": 0.0, ""Li2O"": 0.0, ""MgO"": 0.0, ""SRO"": 0.0, ""BAO"": 0.0, ""ZNO"": 0.0, ""P2O5"": 0.0, ""GEO2"": 0.0, ""ZRO2"": 0.0, ""TIO2"": 0.0, ""TEO2"": 0.0, ""RO"": 0.0, ""FemOn"": 0.0}",crown,98.26203060150146,True,True,1
LLF1,24800020369,0.12042945884717397,SIO2=63.62; B2O3=6.99; NA2O=14.57; PBO=6.54; RO=6.54,"{""SIO2"": 0.0, ""AL2O3"": 0.0, ""B2O3"": 0.0, ""CAO"": 0.0, ""K2O"": 0.0, ""NA2O"": 0.0, ""PBO"": 0.0, ""Li2O"": 0.0, ""MgO"": 0.0, ""SRO"": 0.0, ""BAO"": 0.0, ""ZNO"": 0.0, ""P2O5"": 0.0, ""GEO2"": 0.0, ""ZRO2"": 0.0, ""TIO2"": 0.0, ""TEO2"": 0.0, ""RO"": 0.0, ""FemOn"": 0.0}",crown,98.26203060150146,True,True,1
N-BALF5,2397400191519,0.066362995582687,SIO2=79.34; B2O3=4.60; K2O=4.08; NA2O=4.13; BAO=1.88; TIO2=4.01; RO=2.11,"{""SIO2"": 0.0, ""AL2O3"": 0.0, ""B2O3"": 0.0, ""CAO"": 0.0, ""K2O"": 0.0, ""NA2O"": 0.0, ""PBO"": 0.0, ""Li2O"": 0.0, ""MgO"": 0.0, ""SRO"": 0.0, ""BAO"": 0.0, ""ZNO"": 0.0, ""P2O5"": 0.0, ""GEO2"": 0.0, ""ZRO2"": 0.0, ""TIO2"": 0.0, ""TEO2"": 0.0, ""RO"": 0.0, ""FemOn"": 0.0}",crown,100.35630328953266,True,True,1
N-BAK2,25400020563,0.1924328407939215,SIO2=38.12; AL2O3=2.82; B2O3=21.20; CAO=0.76; K2O=2.03; NA2O=8.57; MgO=2.72; BAO=5.99; ZNO=4.23; P2O5=11.39; RO=13.70,"{""SIO2"": 26.596, ""AL2O3"": 4.118, ""B2O3"": 21.878, ""CAO"": 1.755, ""K2O"": 2.779, ""NA2O"": 4.983, ""PBO"": 0.0, ""Li2O"": 0.696, ""MgO"": 6.448, ""SRO"": 0.0, ""BAO"": 5.242, ""ZNO"": 4.001, ""P2O5"": 23.502, ""GEO2"": 0.0, ""ZRO2"": 0.039, ""TIO2"": 0.314, ""TEO2"": 0.0, ""RO"": 5.281, ""FemOn"": 0.0}",uncertain,111.93873277194798,False,True,20
N-PK51,603200152829,0.35635243130983246,AL2O3=2.92; BAO=4.02; P2O5=12.78; TEO2=0.83; RO=4.45,"{""SIO2"": 0.0, ""AL2O3"": 2.551, ""B2O3"": 0.0, ""CAO"": 0.0, ""K2O"": 0.0, ""NA2O"": 0.0, ""PBO"": 0.0, ""Li2O"": 0.0, ""MgO"": 1.926, ""SRO"": 0.0, ""BAO"": 5.923, ""ZNO"": 0.0, ""P2O5"": 9.272, ""GEO2"": 0.0, ""ZRO2"": 0.0, ""TIO2"": 0.0, ""TEO2"": 3.727, ""RO"": 5.928, ""FemOn"": 0.0}",uncertain,25.43147761821747,False,True,20
N-KF9,2611100197921,0.1775890498980262,SIO2=71.98; AL2O3=1.22; NA2O=22.89; TIO2=3.80,"{""SIO2"": 0.0, ""AL2O3"": 0.0, ""B2O3"": 0.0, ""CAO"": 0.0, ""K2O"": 0.0, ""NA2O"": 0.0, ""PBO"": 0.0, ""Li2O"": 0.0, ""MgO"": 0.0, ""SRO"": 0.0, ""BAO"": 0.0, ""ZNO"": 0.0, ""P2O5"": 0.0, ""GEO2"": 0.0, ""ZRO2"": 0.0, ""TIO2"": 0.0, ""TEO2"": 0.0, ""RO"": 0.0, ""FemOn"": 0.0}",crown,99.9341920055449,True,True,1
K5G20,3910000462095,0.03997744250402247,SIO2=56.26; AL2O3=2.59; B2O3=7.00; K2O=4.54; NA2O=16.47; PBO=0.54; Li2O=11.89; ZRO2=0.60; RO=0.64,"{""SIO2"": 10.777, ""AL2O3"": 3.528, ""B2O3"": 10.954, ""CAO"": 0.0, ""K2O"": 6.275, ""NA2O"": 16.412, ""PBO"": 0.767, ""Li2O"": 11.761, ""MgO"": 0.206, ""SRO"": 0.0, ""BAO"": 0.0, ""ZNO"": 0.0, ""P2O5"": 0.0, ""GEO2"": 0.0, ""ZRO2"": 1.348, ""TIO2"": 0.0, ""TEO2"": 0.0, ""RO"": 0.711, ""FemOn"": 0.0}",uncertain,100.62875670194626,True,True,5
N-K5,3910000462078,0.07442668674389803,SIO2=59.32; B2O3=16.36; NA2O=24.32,"{""SIO2"": 7.116, ""AL2O3"": 0.0, ""B2O3"": 5.677, ""CAO"": 0.0, ""K2O"": 0.0, ""NA2O"": 1.966, ""PBO"": 0.0, ""Li2O"": 0.0, ""MgO"": 0.0, ""SRO"": 0.0, ""BAO"": 0.0, ""ZNO"": 0.0, ""P2O5"": 0.0, ""GEO2"": 0.0, ""ZRO2"": 0.0, ""TIO2"": 0.0, ""TEO2"": 0.0, ""RO"": 0.0, ""FemOn"": 0.0}",uncertain,100.0,True,False,11
BK7G18,27200020728,0.050400513012042174,SIO2=66.81; B2O3=15.36; K2O=2.44; NA2O=15.32,"{""SIO2"": 4.94, ""AL2O3"": 0.0, ""B2O3"": 3.766, ""CAO"": 0.0, ""K2O"": 6.504, ""NA2O"": 6.54, ""PBO"": 0.0, ""Li2O"": 0.0, ""MgO"": 0.0, ""SRO"": 0.0, ""BAO"": 0.16, ""ZNO"": 0.183, ""P2O5"": 0.0, ""GEO2"": 0.0, ""ZRO2"": 0.0, ""TIO2"": 0.0, ""TEO2"": 0.0, ""RO"": 0.344, ""FemOn"": 0.0}",crown,100.07833489618803,True,False,19
N-BK7,605900093469,0.054052813064343126,SIO2=61.52; B2O3=19.00; K2O=1.88; NA2O=17.36,"{""SIO2"": 10.131, ""AL2O3"": 0.006, ""B2O3"": 8.303, ""CAO"": 0.51, ""K2O"": 5.347, ""NA2O"": 6.461, ""PBO"": 0.0, ""Li2O"": 0.0, ""MgO"": 0.0, ""SRO"": 0.0, ""BAO"": 0.238, ""ZNO"": 0.0, ""P2O5"": 0.0, ""GEO2"": 0.0, ""ZRO2"": 0.0, ""TIO2"": 0.0, ""TEO2"": 0.0, ""RO"": 0.559, ""FemOn"": 0.0}",uncertain,100.1046746954322,True,False,20
N-BK7HT,605900093469,0.054052813064343126,SIO2=61.52; B2O3=19.00; K2O=1.88; NA2O=17.36,"{""SIO2"": 10.131, ""AL2O3"": 0.006, ""B2O3"": 8.303, ""CAO"": 0.51, ""K2O"": 5.347, ""NA2O"": 6.461, ""PBO"": 0.0, ""Li2O"": 0.0, ""MgO"": 0.0, ""SRO"": 0.0, ""BAO"": 0.238, ""ZNO"": 0.0, ""P2O5"": 0.0, ""GEO2"": 0.0, ""ZRO2"": 0.0, ""TIO2"": 0.0, ""TEO2"": 0.0, ""RO"": 0.559, ""FemOn"": 0.0}",uncertain,100.1046746954322,True,False,20
N-BK7HTi,605900093469,0.054052813064343126,SIO2=61.52; B2O3=19.00; K2O=1.88; NA2O=17.36,"{""SIO2"": 10.131, ""AL2O3"": 0.006, ""B2O3"": 8.303, ""CAO"": 0.51, ""K2O"": 5.347, ""NA2O"": 6.461, ""PBO"": 0.0, ""Li2O"": 0.0, ""MgO"": 0.0, ""SRO"": 0.0, ""BAO"": 0.238, ""ZNO"": 0.0, ""P2O5"": 0.0, ""GEO2"": 0.0, ""ZRO2"": 0.0, ""TIO2"": 0.0, ""TEO2"": 0.0, ""RO"": 0.559, ""FemOn"": 0.0}",uncertain,100.1046746954322,True,False,20
N-BK7HTSultra,28100020806,0.05338625591748429,SIO2=64.49; B2O3=17.01; K2O=1.65; NA2O=16.68,"{""SIO2"": 8.659, ""AL2O3"": 0.006, ""B2O3"": 6.578, ""CAO"": 0.018, ""K2O"": 5.079, ""NA2O"": 5.94, ""PBO"": 0.0, ""Li2O"": 0.0, ""MgO"": 0.0, ""SRO"": 0.0, ""BAO"": 0.278, ""ZNO"": 0.179, ""P2O5"": 0.0, ""GEO2"": 0.0, ""ZRO2"": 0.0, ""TIO2"": 0.0, ""TEO2"": 0.0, ""RO"": 0.411, ""FemOn"": 0.0}",crown,100.09346800893545,True,False,20
N-ZK7A,28100020816,0.02546983296941794,SIO2=55.94; B2O3=17.45; K2O=1.65; NA2O=24.97,"{""SIO2"": 12.748, ""AL2O3"": 0.0, ""B2O3"": 9.76, ""CAO"": 0.0, ""K2O"": 6.791, ""NA2O"": 7.347, ""PBO"": 0.0, ""Li2O"": 0.0, ""MgO"": 0.0, ""SRO"": 0.0, ""BAO"": 0.0, ""ZNO"": 0.0, ""P2O5"": 0.0, ""GEO2"": 0.0, ""ZRO2"": 0.0, ""TIO2"": 0.0, ""TEO2"": 0.0, ""RO"": 0.0, ""FemOn"": 0.0}",uncertain,99.99999983170454,True,False,17
K10,28100020880,0.13882996733578282,SIO2=52.40; B2O3=13.66; K2O=1.50; NA2O=32.03,"{""SIO2"": 18.47, ""AL2O3"": 0.561, ""B2O3"": 13.865, ""CAO"": 0.0, ""K2O"": 3.354, ""NA2O"": 8.083, ""PBO"": 0.0, ""Li2O"": 0.0, ""MgO"": 0.0, ""SRO"": 0.0, ""BAO"": 0.0, ""ZNO"": 0.0, ""P2O5"": 0.0, ""GEO2"": 0.0, ""ZRO2"": 0.023, ""TIO2"": 0.0, ""TEO2"": 0.0, ""RO"": 0.0, ""FemOn"": 0.0}",uncertain,99.84459343850611,True,True,5
N-BK10,27300020917,0.07105639340741707,SIO2=64.29; B2O3=22.98; K2O=8.25; NA2O=4.49,"{""SIO2"": 11.359, ""AL2O3"": 0.0, ""B2O3"": 7.806, ""CAO"": 0.0, ""K2O"": 7.418, ""NA2O"": 4.936, ""PBO"": 0.0, ""Li2O"": 0.0, ""MgO"": 0.0, ""SRO"": 0.0, ""BAO"": 0.0, ""ZNO"": 0.0, ""P2O5"": 0.0, ""GEO2"": 0.0, ""ZRO2"": 0.0, ""TIO2"": 0.0, ""TEO2"": 0.0, ""RO"": 0.0, ""FemOn"": 0.0}",crown,100.00000023841858,True,False,20
N-PK52A,3984400470734,0.023569681222331343,AL2O3=4.19; BAO=3.19; P2O5=15.26; TEO2=1.49; RO=3.62,"{""SIO2"": 0.0, ""AL2O3"": 2.227, ""B2O3"": 0.0, ""CAO"": 0.0, ""K2O"": 0.0, ""NA2O"": 0.0, ""PBO"": 0.0, ""Li2O"": 0.0, ""MgO"": 1.926, ""SRO"": 0.0, ""BAO"": 3.803, ""ZNO"": 0.0, ""P2O5"": 6.938, ""GEO2"": 0.0, ""ZRO2"": 0.0, ""TIO2"": 0.0, ""TEO2"": 4.61, ""RO"": 3.909, ""FemOn"": 0.0}",uncertain,28.177570152282712,False,True,20
N-FK5,3048700400968,0.034286893482552476,SIO2=37.35; AL2O3=18.22; B2O3=17.27; K2O=9.96; NA2O=13.21; P2O5=3.80,"{""SIO2"": 52.814, ""AL2O3"": 25.764, ""B2O3"": 24.42, ""CAO"": 0.0, ""K2O"": 14.086, ""NA2O"": 11.619, ""PBO"": 0.0, ""Li2O"": 0.0, ""MgO"": 0.0, ""SRO"": 0.0, ""BAO"": 0.0, ""ZNO"": 0.0, ""P2O5"": 5.379, ""GEO2"": 0.0, ""ZRO2"": 0.0, ""TIO2"": 0.0, ""TEO2"": 0.0, ""RO"": 0.0, ""FemOn"": 0.0}",crown,99.80000042915344,True,True,2
FK5HTi,3048700400968,0.037274220840066354,SIO2=37.35; AL2O3=18.22; B2O3=17.27; K2O=9.96; NA2O=13.21; P2O5=3.80,"{""SIO2"": 52.814, ""AL2O3"": 25.764, ""B2O3"": 24.42, ""CAO"": 0.0, ""K2O"": 14.086, ""NA2O"": 11.619, ""PBO"": 0.0, ""Li2O"": 0.0, ""MgO"": 0.0, ""SRO"": 0.0, ""BAO"": 0.0, ""ZNO"": 0.0, ""P2O5"": 5.379, ""GEO2"": 0.0, ""ZRO2"": 0.0, ""TIO2"": 0.0, ""TEO2"": 0.0, ""RO"": 0.0, ""FemOn"": 0.0}",crown,99.80000042915344,True,True,2
N-FK51A,3984400470742,0.1000649517539605,AL2O3=4.19; BAO=2.81; P2O5=14.88; TEO2=0.89; RO=3.24,"{""SIO2"": 0.0, ""AL2O3"": 2.227, ""B2O3"": 0.0, ""CAO"": 0.0, ""K2O"": 0.0, ""NA2O"": 0.0, ""PBO"": 0.0, ""Li2O"": 0.0, ""MgO"": 1.926, ""SRO"": 0.0, ""BAO"": 2.567, ""ZNO"": 0.0, ""P2O5"": 7.063, ""GEO2"": 0.0, ""ZRO2"": 0.0, ""TIO2"": 0.0, ""TEO2"": 3.052, ""RO"": 2.783, ""FemOn"": 0.0}",uncertain,26.445968532562258,False,True,20
N-FK58,603200152828,0.10288041244156831,AL2O3=2.55; BAO=1.71; P2O5=9.22; TEO2=0.89; RO=1.71,"{""SIO2"": 0.0, ""AL2O3"": 2.572, ""B2O3"": 0.0, ""CAO"": 0.0, ""K2O"": 0.0, ""NA2O"": 0.0, ""PBO"": 0.0, ""Li2O"": 0.0, ""MgO"": 0.0, ""SRO"": 0.0, ""BAO"": 2.536, ""ZNO"": 0.0, ""P2O5"": 9.034, ""GEO2"": 0.0, ""ZRO2"": 0.0, ""TIO2"": 0.0, ""TEO2"": 3.052, ""RO"": 2.536, ""FemOn"": 0.0}",uncertain,16.08530386686325,False,True,20
